Unnamed: 0,Melodi,Komponist,Levde når,Lyrikk,Levde når.1,Når komponert,Diverse,Diverse.1,Dublett?,Forlag,Nr.,Unnamed: 12
,Rosarita,"""Appunto""",,Claus Frimann Clasen (Lyktemannen),1894 - 1970,1927,"""En ung Oslomusiker""",,,,,
,Kaffe-visen,?,,Claus Frimann Clasen (Lyktemannen),1894 - 1970,,,,,,,
,Den har jeg aleine,"Abrahamsen, Julius",1906 - 1999,"Bø, Finn",1893 - 1962,1934,"Premie i ""Roseslageren""",,,Norsk Musikforlag,6903,
,Vi er glade sjeler,"Abrahamsen, Julius",1906 - 1999,Per Kvist,1890 - 1947,1931,3 premie slagerkonkurransen 1931,,,Norsk Musikforlag,7248?,
,"Godnatt, lille venn!","Abrahamsen, Julius",1906 - 1999,,,1934,"A-magasinet Nr. 34, 1934",,,,,
,Gå til sjös gutt,"Abrahamsen, Julius",1906 - 1999,Per Kvist,1890 - 1947,1931,1 premie slagerkonkurransen 1931,,,,,
,Kårlek i Sevilla,"Ahlin, Ernfrid",1904 - 1969,Roland (Levin),1911 - 2003,1934,,,,"Ahlins Musikförlag, Stockholm",29,
,I et lite rum med morgensol,"Ahlin, Ernfrid",1904 - 1969,Jens Book Jenssen (Peter Coob),1910 - 1999,1937,,,,Ahlins Musikförlag,121,
,En liten hästsko,"Ahlin, Ernfrid",1904 - 1969,Sven Paddock,1909 - 1982,1937,,,,Ahlins Musikförlag,130,
,Et paradis for to,"Ahlin, Ernfrid",1904 - 1969,Jens Book Jenssen (Peter Coob),1910 - 1999,1937,,,,Ahlins Musikførlag,127,
,"Ro, ro til store Fiskeskjær","Ahlin, Ernfrid",1904 - 1969,"Hansen, Juul",1913 - 1981,1940?,,,,Carl M. Iversen,162,
,En kväll vid Öresund,"Ahlin, Ernfrid",1904 - 1969,John Coldèn,,1930,,,,,,
,Et hjerte som brister,"Ahlin, Ernfrid",1904 - 1969,"Hansen, Juul",1913 - 1981,1943,"Fra filmen ""En slager blir til"".",,,,,
,Hva var vel livet uten deg,"Ahlin, Ernfrid",1904 - 1969,Gunnar Kaspersen,1907 - 1991,1951,"Fra filmen ""Vi gifter oss""",,,,,
,Här har du en gammalvals,"Ahlin, Ernfrid",1904 - 1969,Jens Book Jenssen,1910 - 1999,1936,,,,Ahlins Musikförlag,100,
,Kompassen pekar nu åter mot nord,"Ahlin, Ernfrid",1904 - 1969,Roland (Levin),1911 - 2003,1945,,,,,,
,På en resa från Hongkong till Hull,"Ahlin, Ernfrid",1904 - 1969,Roland (Levin),1911 - 2003,1935,,,,Ahlins Musikförlag,54,
,Trekkspillguttenes parade,"Akre, Ottar E.",1896 - 1992,,,1937,,,,Carl M. Iversen,1001,
,Stormy Weather,"Arlen, Harold",1904 - 1986,"Koehler, Ted",1894 - 1973,1933,Omtale,,,,,
,Lillegutt og Far,Alf Ordon (Alf Johnsen),,Alf Ordon,,,,,,Eget forlag,,
x,Gutten som har vaska sig,Alf Peaters & Ernst Rolf,,"Bø, Finn",1893 - 1962,1925,,,,,,
,Stjerneglimt,"Allan Stensvold
Laurie Mackenzie","1909? - 1975
1902 - 1962",Frithjof Granli,1905 - 1965,1942,,,,,,
,Bondevalsen,"Alm, Anna",1880 - 1935,J. Arnulf,,1929,(Ernst) Rolf Revyen,,,,,
,Bryllupstoner,"Alm, Anna",1880 - 1935,,,1929,,,,,,
,Lykke til,"Alm, Anna",1880 - 1935,"Alm, Anna",1880 - 1935,ca 1930,,,,,,
,Ole Lukkeøye,"Almqvist, Ingrid",1915 - 1993,"Almqvist, Ingrid",1915 - 1993,1951,,,2,Musikkhuset A/S,1077,
,Symfoni,"Alstone, Alex",1903 - 1982,Roger Bernstein & Andre Tabet,,1937,,,,Norsk Schlager Forlag,1,
,Lille Tornerose sover,"Amdahl, Bjarne",1903 - 1968,Gunnar Kaspersen,1907 - 1991,,,,,Musikk-huset,327,
,Din barndoms eventyr,"Amdahl, Bjarne",1903 - 1968,Alf Pröysen og Asbjörn Toms (1915 - 1990),,1959,"Fra operetten ""Tingel-Tangel i natt""",Asbjørn Toms,,Musikk-huset,1666,
,Smil,"Amdahl, Bjarne",1903 - 1968,Steinar Jøraandstad,1903 - 1946,1927,,,,Norsk Musikforlag,6199,
x,Leketøiparaden,"Amdahl, Bjarne",1903 - 1968,Gunnar Kaspersen,1907 - 1991,,,,,Norsk Musikforlag,7212,
x,Jeg vil vite hvem jeg er,"Amdahl, Bjarne",1903 - 1968,Einar Schibbye,1900 - 1959,1958,,,,,,
,Skomværvalsen,"Amdahl, Bjarne",1903 - 1968,Erik Bye,1926 - 2004,,,,,,,
,Som duft av røde roser,"Amdahl, Bjarne",1903 - 1968,"Audunson, Torgeir",1913 - 1984,1938,1 premie Norsk Musikforlag og A-magasinets Slagerkonkurranse,,,Norsk Musikforlag ,7209,
,Sønnavindvalsen,"Amdahl, Bjarne",1903 - 1968,"Prøysen, Alf",1914 - 1970,1951,,,,,,
,Tango for to,"Amdahl, Bjarne",1903 - 1968,"Prøysen, Alf",1914 - 1970,1940,Tango for to,,,,,
,Sommargille,"Anderson, Ivar",,Ragnar Äkerblom,1877 - 1932,1932,,,,,,
,Seiler one step,"Anderson,Hjalmar",1865 - 1954,Hjalmar Anderson,1865 - 1954,1926,,,,Eget forlag,,
,Vinternatt,Andres Molto (Garcia?),(1903 - 1980)?,T. Nesseral,,1948-49,,,,Norsk Musikforlag,7778,
,Hankø-trotten,"Anghel Solvin (Ola Linge) (1885 - 1973)
Hjalmar Lindberg (1896 - 1970)",,Arne Svendsen,1884 - 1958,1933,Ola Linge,Hjalmar Lindberg,,,,
,Skogstjernen,"Anker-Eriksen, Harald",1910 - 1994,Birger Madsen,,1960,Alder Harald Anker-Eriksen,,2,Musikk-huset,1704,
,Zambezi,Anto de Wall/ Nico Carstens,,Dick Rogers,,,,,,,,
,Syng senorita,"Arnesen, Ulf B.",1908 - 1963,"Hansen, Juul",1913 - 1981,1930,Presto forlag,,,"Elkan & Schildknecht, Stockholm",746,
,Stjerne du som blinker,"Arnesen, Ulf B.",1908 - 1963,Torgeir Audonson,1913 - 1984,1938,2nen premie i Norsk Musikforlag og A-Magasinets konkurranse,,,Norsk Musikforlag,7210,
,Det kommer rosor,"Austin Egen
Franz Doelle","1897 - 1941
1883 - 1965",S. S. Wilson (Anita Halldén),1878 - 1970,1927,,,,Ernst Rolf,1717,
,Flying Saucer,"Axis, John (Aas, Ernst)",,,,,"""Hilsen kopmponisten"", Ernst.",,,,,
,Lille Angi,"Bakken, Arnt Svendsen",1882 - 1966,"Bakken, Arnt Svendsen",1882 - 1966,1933,,,,Musikcentralen,,
,Glem meg,"Bauer-Nilsen, Trygve",1895 - 1960,UNO,,1944,,,,A/S Musikk's Forlag Haugesund,,
,Godnatt,"Bauer-Nilsen, Trygve",1895 - 1960,Sander,,,,,,,,
,Høstløv,"Bauer-Nilsen, Trygve",1895 - 1960,Sander,,1945,,,,,,
,Lykkedrømme,"Bauer-Nilsen, Trygve",1895 - 1960,UNO,,1942,,,,A/S Musikk's Forlag Haugesund,,
x,Sigøiner romanse,"Bauer-Nilsen, Trygve",1895 - 1960,UNO,,,Omtale,,,,,
,Hvor,"Bendiksen, Arne",1926 - 2009,,,,,,,,,
,Byen sover,"Berg, Andreas",,"Hansen, Juul",1913 - 1981,1941,,,,Carl M. Iversen,127,
,Lille Ann-Mari,"Berg, Andreas",,Egil Hagen,1912 - 2004,1955,,,,Harld Lyche,,
,Dovregubbens lørdagskveld,"Berg, Trygve",? - 1956?,,,194x,Mangler et noteark,,,Germania,1,
,Katalonia,"Berg, Trygve",? - 1956?,,,,,,,,,
,Kom og bli med ned til Hankø,"Berg, Trygve",? - 1956?,Bias Bernhoft,1902 - 1986,1933,,,,Carl M. Iversen,,
,Vals elegant,"Berg, Trygve",? - 1956?,,,1945,"Publisert av ""Edition Luvån""",,2,Hermani,149,
,Brevet fra deg,"Bergh, Sverre (Frode Ring)",1915 - 1980,"Eidem, Odd (Frode Ring)",1913 - 1988,,Moss Dagblad 20 januar 1968,,,,,
,En rosedrøm,"Bergh, Sverre",1915 - 1980,Andreas Aabel,1911 - 1948,1944,,,,,,
,"Tyven, tyven","Bergh, Sverre",1915 - 1980,,,,,,,,,
,Vuggende valsetakt,"Bergh, Sverre",1915 - 1980,,,1944,Mangler side 3 og 4!,,,Norsk Musikforlag,7602,
,"Måke, fortell","Bergstrøm, Harry",1910 - 1989,"Jakob Hjelte (Hansen, Juul)",1913 - 1981,1954?,,,,Carl M. Iversen,,
,Kanske engang tilbake du kommer,"Bernhard, Willy",1903 - 1976 ?,Herbert Herding-Herberth,1904 - 1958,1929,,,,Norsk Musikforlag,6530,
,Idealflickan,"Berntsson, Hugo",1898 - 1978,,,1951,,,,Kåre Korneliussens forlag,41,
,Nå venter vi på det,"Bias Bernhoft
Arne Feldborg","1902 - 1986
1912 - 1987","Bias Bernhoft
Arne Feldborg","1902 - 1986
1912 - 1987",1943,"Fra revyen ""Smilet går videre""",,,,,
,Narrevise,"Berulfsen, Bjarne",1906 - 1970,"Kristensen, Tom",1893 - 1974,1948,Tom Kristensen var en dansk forfatter,,,Norks Musikforlag,7839,
,Kalle Båtsmann fra Lillesand,"Bjelland Juuhl, Harald",1913 - 1992,"Hansen, Juul",1913 - 1981,1961,,,,Carl M. Iversen,,
,Vårblomsten til mor,"Bjelland Juuhl, Harald",1913 - 1992,"Bjelland Juuhl, Harald",1913 - 1992,1960,"""Omtale""",,,"Harald Lyche, Drammen",,
,Rytmefantasi,"Bjørklund, Odd Ursin",1925 – 2014,,,1944,,,2,,,
,Civilization,Bob Hillard & Carl Sigman,,"Hansen, Juul",1913 - 1981,1947,Civilization,,,,,
,Det blir sommar och sol ...,"Bode, Johnny",1912 - 1983,Hans Ekman,1915 - 2004,1934,,,,Ahlins musikførlag,26,
,Go - on,"Borg, Helge",1894 - 1965,,,1918,(Oscar Borgs sønn),,,Eget forlag,4,
,Karneval,"Borg, Helge",1894 - 1965,,,1920,,,,Norsk Musikforlag,4922,
,Dreamery,"Borg, Helge",1894 - 1965,,,,(Oscar Borgs sønn),,,,,
,Den siste valsen,"Borg, Victor",1916 - 1996,"Borg, Victor",1916 - 1996,1943,,,,,,
,Askim-sangen,"Borgesen, Erling",1909 - 1987,"Thømt, Josva",1891 - 1971,1939,Først fremført 1941?,,,,,
,I vinden,"Braarvig, Hans (""James"")",1905 - 1986,Herman Wildenwey,1885 - 1959,1929,1 premie Jazzmusikk-konkurransen 1929,,,,,
,En lille skatt,"Brink,  Edvard",1883 - 1970,Alfred Kjerulf,1882 - 1938,,,,,,,
x,Kanske danser Frøken Carlson lite Charleston,"Brink,  Edvard",1883 - 1970,Alfred Kjerulf,1882 - 1938,1927,,,,,,
,Stompen min,"Bruun-Lie, Per",1914 - 1977,Per Kvist,1890 - 1947,1944,,,,Norsk Musikforlag,7298,
,Det er herlig å være sigøyner,"Bruun-Lie, Per",1914 - 1977,Per Kvist,1890 - 1947,,,,,,,
,Edderkoppvalsen,"Bruun-Lie, Per",1914 - 1977,Per Kvist,1890 - 1947,194x,,,,Norsk Musikforlag,7260,
,Eventyrnatt,"Bråten, Birger",1917 - 1977,"Bråten, Birger",1917 - 1977,1947,,,,"Harald Lyche, Drammen",,
,Plainte,"Bugge Olsen, Jens",1895 - 1985,,,1911,,,,Haakon Zapffe,1066,
,Anna Lovinda,"Bye, Erik",1926 - 2004,"Bye, Erik",1926 - 2004,1960,Anna Lovinda,,,Norsk Musikkforlag,8386,
,En Sørlandsvise,"Bähncke, William",1865 - 1928,"Arnesen, Odd",,1923,Publisert i Norge,,,Musikcentralens forlag,,
,Op med humøret!,"Bøyesen, Carl Christian (""Calle"")",1917 - 1999,"Bøyesen, Carl Christian (""Calle"")",1917 - 1999,<1940?,,,,Eget forlag,,
,Ingen kan kysse som du,Carl Ekberg,,Carl Ekberg,,1925,,,,,,
,Lönseth-viser,Carl Lönseth,1888 - 1962,Carl Lönseth,1888 - 1962,1930,,,,,,
,Under Syrinhækken,Carl M. Winternitz,,Magnus Brostrup Landstad,1876 - 1956,,,,,,,
,När klockarna tystnat,"Carlberg, Bengt",,"Lidström, Ture",,1929,,,,Edition Sylvain,,
,Vær trofast min venn,"Carlsen, Bjørn",,"Hansen, Juul",1913 - 1981,,,,2,Musikk-huset,265,
,Jeg lengter hjem,"Carlsen, Bjørn",,Bjørn Carlsen,,,,,,,,
,I brænding og veir,"Carlsen, Carsten",1892 - 1961,,,,,,,,,
,Tango,"Carlsen, Carsten",1892 - 1961,,,1926,Olaf Larsen Chokoladefabrik,,,Oluf By,,
,En liten gylden ring,"Carlsen, Henry",1899 - 1955,Arne Svendsen,1884 - 1958,1936,,,,,,
,Enn en gang skal fuglene synge,"Carsten, Bert",1905 - 1989,R. T,,1944,Svensk tekst Harry Iseborg,,,Presto Forlag,,
,När bröllopsklockor ringa,"Carsten, Bert",1905 - 1989,"Sandberg, Sven-Olof",1905 - 1974,1929,Harald og Sonjas brudevals 1968.,,,Norske Noter,3,
,"Tjohei min vän, nu är jag här igjen!","Carsten, Bert",1905 - 1989,Folke Edwards,,1927,,,,,,
x,Limelight,"Chaplin, Charlie",1889 - 1977,,,,,,,,,
,Florence tango,Chocabio,,S. S. Wilson (Anita Halldén),1878 - 1970,1928,,,,Ernst Rolf,1670,
,Telemarksving,Chris Christensen,,,,ca 1935,,,,Bartnes forlag,,
,Midtsommer-Dansen,Christian Danning,,,,,Oppnotert av Christian Danning,,4,,,
,Når det kommer en båt med bananer,"Christiansen, Eric",1910 - 1969,"Hansen, Juul",1913 - 1981,1945,Omtale,,,Musikkhuset A/S,272,
,Cilleros,"Casadella, Damasco",,,,1926,Pseudonym for norsk komponist?,,,Musikcentralens Forlag,152,
,Da Lilleguld kom,"Clasen, Claus Frimann",1894 - 1970,"Clasen, Claus Frimann",1894 - 1970,1927,,,,,,
,Lykkeliten,"Clasen, Claus Frimann",1894 - 1970,"Clasen, Claus Frimann",1894 - 1970,1927,Omtale,,,Norsk Musikforlag,5478,
,Solvals,"Clausen, Elisabeth O(line) Helga (f. Kohler)",1901 - 1994,,,1928?,Reklame for Mowinckels Margarinfabrik,,,,,
,Freia,Con Conrad,1891 - 1938,Per Kvist,1890 - 1947,1921,Reklame for Freia,,,,,
,Då sänder jag en hälsning,"Dahlquist, Lars-Erik (Lasse)",1910 - 1979,"Dahlquist, Lars-Erik (Lasse)",1910 - 1979,1930,,,,Svenska Noter,39,
,Her danser gamlekara,"Dahlquist, Lasse",1910 - 1979,"Hansen, Juul",1913 - 1981,1945,,,,Carl M. Iversen,215,
,"Very welcome hjem, Mr. Swanson","Dahlquist, Lasse",1910 - 1979,Carl Viggo Meincke,1902 - 1959,1952,,,,Carl M. Iversen,313,
,Det er min musik!,"Dahlquist, Lasse",1910 - 1979,"Dahlquist, Lasse",1910 - 1979,1942,,,2,,,
,Vannliljer,"Danielsen, Ragnar",1917 - 1976,Harriet Weidemann Ørn,1886 - 1954,1944,( f. Harriet Weidemann Strøm),,,,,
,Lago Maggiore,"De Weille, Benny",1915 - 1977,"Hansen, Juul",1913 - 1981,1953,,,,,,
,Jeg vil sitte på en sky å gynge,"Degerman, Rolf",1909 - 1993,Erik Diesen,1922 - 1999,1952,,,,,,
,Paa bøljan den blaa,"Dehn, Ørnulf",1889 - 1918,"Dehn, Ørnulf",1889 - 1918,,,,,Lødsøll & Horntved Musikforlag,1,
,Dypbrune øyne,"Delmore, Alton",1908 - 1964,Claus Frimann Clasen (Lyktemannen),1894 - 1970,1937,Norsk utgave fra 1951,,,,,
,Giv mig dit Hjerte Maria,"Deneke, Erik",1904 - 1966,"Deneke, Erik",1904 - 1966,1939,,,,Jac. Boesen,633,
,I solgangsvind,"Dippner, Bern",1913 - 1977,Bern Dippner,1913 - 1977,1943,,,,,,
,Lillemanns vuggesang,"Dippner, Bern",1913 - 1977,Bern Dippner,1913 - 1977,1943,,,,Norsk Schlagerforlag,,
,Den gamle spilledåse,"Dippner, Edna",1921 - 1997,"Dippner, Bern",1913 - 1977,,,,,,,
,Hem (Å gi meg et sted..),"Doon, Roy van",,,,,,,,,,
,Frihets-lengsler,"Dørumsgård, Arne",1921- 2006,Arne Paasche Aasen,1901 - 1978,1946,"Fra filmen ""Vi vil leve'",,,,,
,Til kongen,"Egge, Klaus",1906 - 1979,Arnulf Øverland,1889 - 1968,1947,,,,Harald Lyche,,
,Sigøyner-elskov,"Eggen, Johan",1894 - 1968,,,1945,Johan Petter Eggen (f. i Levanger?),,,Carl M. Iversen,180,
,Jamaica,"Eggen, Ottar",1891 - 1934,Herbert Herding-Herberth,1904 - 1958,,1. premie Oslo Sanger-forbunds konkuranse 1950,,,,,
,Jeg læser det i dine öine!,"Eidsvig, Bjarne",1899 - 1977,"Hjorth-Clausen, Christian",1864 - 1933,1922,Sjelden note!,,,Haakon Zapffe,1257,
,Oslo-sangen,"Ellgen, Einar",1897 - 1951,Nils Collett Vogt,1864 - 1937,1950,Stockholmsutstillingen 1930,,,Norsk Musikforlag,7952,
,Det är vår sommarmelodi,"Enders, Georg",1898 - 1954,Nils-Georg (Georg Eliasson),1905 - 1973,1930,,,,Nils-Georgs Musikförlag,567,
x,Din vår är min  vår,"Enders, Georg",1898 - 1954,Nils-Georg (Georg Eliasson),1905 - 1973,1927,,,,,,
,To unge hjerter,"Enders, Georg",1898 - 1954,"Carlmar, Otto",1902 - 1987,1929,,,3,,,
,Kort hjertesorg,"Engen, Erik E.",1882 - 1953,,,ca 1905,,,,,,
,Arbeidernes idrettsmarsj,"Erichsen, Hans",1890 - 1973,Arne Paasche Aasen,1901 - 1978,1936,,,,Norsk Musikforlag,7108,
,Chevalier-vals,"Erichsen, Hans",1890 - 1973,Astrid Lindberg,1908 - 1999?,1931,A. Lindberg var fra Lillehammer (Gift m. Eiliv  Lunde?),,,Norsk Musikforlag,6860,
,Deksguttens vals,"Erichsen, Hans",1890 - 1973,Per Kvist,1890 - 1947,1942,,,,,,
,En sommerkveld med bæljespell,"Erichsen, Hans",1890 - 1973,Per Kvist,1890 - 1947,,,,,Eget forlag,,
,Fra barndommens lyse dage,"Erichsen, Hans",1890 - 1973,Hermann Hermani,1898 - 1960,,,,,,,
,Grønlands Reinländer,"Erichsen, Hans",1890 - 1973,,,1932,,,,,,
,Midtsommervalsen,"Erichsen, Hans",1890 - 1973,Erlas,,,,,,Norsk Musikforlag,6906,
,Når du tenker på dem som er hjemme,"Erichsen, Hans",1890 - 1973,Per Kvist,1890 - 1947,,,,,Eget forlag,,
,Prinsesse Astrids vals,"Erichsen, Hans",1890 - 1973,Rolf Hiorth Schøyen,1887 - 1932,1942,,,,Norsk Notestik og forlag,319,
,Ragnhild,"Erichsen, Hans",1890 - 1973,Rolf Hiorth Schøyen,1887 - 1932,1906,,,,Oluf By,281,
,Seilervals,"Erichsen, Hans",1890 - 1973,Fridtjof Knutsen,1894 - 1961,1956,"""En lørdagskveld på Langåra""",,,,,
,Sørlandsminner,"Erichsen, Hans",1890 - 1973,Fridtjof Knutsen,1894 - 1961,1929,,,,Norsk Musikforlag,6483,
,Valsen til mor,"Erichsen, Hans",1890 - 1973,Ove Gude Furu,1894 - 1944,1935,,,,,,
,Ved den gamle mølle,"Erichsen, Hans",1890 - 1973,Arne Paasche Aasen,1901 - 1978,1936,Op. 71,,,,,
,Vi møtes en aften ved stranden,"Erichsen, Hans",1890 - 1973,Einar Kristoffersen,,1933,,,,,,
,Vår på Ekeberg,"Erichsen, Hans",1890 - 1973,Bias Bernhoft,1902 - 1986,1942,,,,Carl M. Iversen,403,
,Å så triller vi av sted,"Erichsen, Hans",1890 - 1973,Hermann Hermani,1898 - 1960,1941,,,,,,
,Et shinglet hjerte,"Ernst, Paul",1893 - ?,"Ernst, Paul",1893 - ?,1927,"Dansk, men musikk publisert på norsk mens han var i Norge",,,Norsk Notestik og Forlag,,
,Hjemløs,"Ernst, Paul",1893 - ?,"Syrdahl, Gretha",1900 - 1958,1926,"Komponist Dansk, musikk publisert på norsk mens han var i Norge",,,Musikcentralens forlag,206,
,Trekkspill-vals nr. 1,"Evensen, Arne",,,,,,,,Harald Henschien,,
,Vi møtes i drømme,Erik Tronrud & Karl Andersen,,,,1928,,,,,,
,"Jag kysser eder hand, Madame","Erwin, Ralph",1896 - 1943,Gösta Stevens,1897 - 1964,1928,Omtale,,,,,
,Allmogevals,"Ewald, A.",,,,1918,,,,,,
,Drømmetoner,"Fagelund, Thode",1902-1944,Øivind Lunde,,1932,,,,,,
,Den gamle smie,"Fagerlund, Åke
Sandström, Margo","1904 - 1972
1910 - 1994","Bøyesen, Carl Christian ",1917 - 1999,1942,,,,Carl Gehrmans Musikförlag,,
,Där sjön er blå,"Falk, Simon",,"Falk, Simon",,1944,,,,,,
,Kongefamiliens velkomstmarsj,"Feyling, Johan",1881 - 1954,,,1945,,,,,,
,Nå går'n på Gummisäler,"Flagstad, Lasse",1903 - 1969,"Bø, Finn",1893 - 1962,1928,Nå går'n på gummisåler,,,Norsk Musikforlag,6392,
,Det skulde ha vært mig,"Flagstad, Lasse",1903 - 1969,Herbert Herding-Herberth & Bias Bernhoft,,,,,,,,
,"Jeg gik ind, men vendte om",Floyd du Pont,1895 - 1937,"Bø, Finn",1893 - 1962,1929,Floyd du Pont var amerikaner g.m. svenske Sonja Langfeld (1931),,,Ernst Rolfs Musikförlag,,
,Blåveispike,"Foss, Kurt
Bøe, Reidar","1925 - 1991
1921 - 1969",Arne Paasche Aasen,1901 - 1978,1951,,,,Oscar Skau,323,
,De nære ting,"Foss, Kurt
Bøe, Reidar","1925 - 1991
1921 - 1969",Arne Paasche Aasen,1901 - 1978,1951,,,,,,
x,Min røde gitar,"Foss, Kurt
Bøe, Reidar","1925 - 1991
1921 - 1969",Arne Paasche Aasen,1901 - 1978,1952,,,,Oscar Skau,,
,I den blendete by,"Fossmark, Aug.",,H. Jensen,,,,,,,,
,The Heather on the Hill,Frederick Loewe,1901 - 1988,Alan Jay Lerner,1918 - 1986,1944,,,,,,
,With a little bit of luck,Frederick Loewe,1901 - 1988,Alan Jay Lerner,1918 - 1986,1956,,,,,,
,Valse Amulett,"Fredriksen, Hilmar",1914 - 1993,,,,,,,Norsk musikforlag,7264,
,Når en stjerne står tent,"Fryman-Fritz, Gustaf",,"Hagen, Egil",1912 - 2004,1946,,,,Harald Lyche,,
,Hestehandlarar,Geir Tveitt,1908 - 1981,Jacob Sande,1906 - 1967,,,,,,,
,Hestehandlarar (som sunget av Medaas),Geir Tveitt,1908 - 1981,Jacob Sande,1906 - 1967,,,,,,,
,Stackars lilla blomma,"Gilbert, Jean",1879 - 1942,?,,1916,,,,Ernst Rolf,59,
,Min Senorita,"Gjessing, Gustav Antonio",1912 - 1972,Bob Gunnér (Olgar Sundt Gundersen),1897 - 1937,1935,,,,Norsk Notestik & Forlag,,
,Mitt drømmebillede,"Gjessing, Gustav Antonio",1912 - 1972,"Gjessing, Gustav Antonio",1912 - 1972,1936,,,3,,,
,Roses in Bloom,"Gjessing, Gustav Antonio",1912 - 1972,"Mackenzie, Laurie",1902 - 1962,1935,,,,Bartnes forlag,5,
,De troløse Øine,"Graage, Ewald",1898 - ?,"Graage, Ewald",1898 - ?,1930,,,,,,
,Jeg er jo bare en kvinne,"Gran, Gerhard",,"Hansen, Juul",1913 - 1981,,,,,,,
,Juniorvalsen,"Grande, Helge",1925 - 2007,,,,,,,,,
,Hvorfor,"Greiner jr., Willy ",1919 - 1980,Petter Magnus,,,,,,,,
,I de lyse Nætter,"Grimsgaard, Birger",1886 - 1960,,,1918,,,,Norsk Musikforlag,4809,
,High-Life-Step,"Grimsgaard, Birger",1886 - 1960,,,1918,Titeltegning: Øivind Sørensen,,,,,
,Vårserenade,"Grundstrøm, Erik",,,,,1 premie komponistkonkurransen (Luvån's) 1945. ,,,,,
,Konstanse,"Gulbrandsen, Hans",,Alf Andersen,,,,,,"Harald Lyche, Drammen",,
,Aftenfred,"Guldahl, Asbjørn",1907 - 1972,Torleif Larssen,1899 - 1967,1933,,,,Norsk Notestik og Forlag,387,
,Albertine,"Guldahl, Asbjørn",1907 - 1972,"Rosenlind, Olaf",1908 - 1990,1935,,,,Norsk Musikforlag,6928,
,Bare du,"Guldahl, Asbjørn",1907 - 1972,F. B.,,1935,,,,Norsk Notestik og Forlag,,
,Carina,"Guldahl, Asbjørn",1907 - 1972,W. Ross (Asbjørn Guldahl?),,1943,,,,Presto forlag,,
,Carl Anton,"Guldahl, Asbjørn",1907 - 1972,"Carlsen, Bjørn",,1937,,,,Norsk Notestik og Forlag,1821,
,De ensomme gamle,"Guldahl, Asbjørn",1907 - 1972,Tola (Torleif Larssen),1899 - 1967,1932,,,,,,
,Det var sangen jeg lærte,"Guldahl, Asbjørn",1907 - 1972,W. Ross (Asbjørn Guldahl?),,1943,,,,,,
,Ditt smil,"Guldahl, Asbjørn",1907 - 1972,Alf Rød,1894 - 1969,1936,Ref. forside,,,Norsk Musikforlag,6938,
,Drømmen om Hawaii,"Guldahl, Asbjørn",1907 - 1972,Torleif Larssen,1899 - 1967,1933,,,,,,
,Engang skal vi møtes på ny,"Guldahl, Asbjørn",1907 - 1972,Asbjørn Guldahl,1907 - 1972,1941,,,,Norsk Notestik og Forlag,1928,
,Flax,"Guldahl, Asbjørn",1907 - 1972,"Torleif Larssen (""Tola"")",1899 - 1967,1930,,,,,,
,Går du alene,"Guldahl, Asbjørn",1907 - 1972,Asbjørn Guldahl,1907 - 1972,1943,,,2,,,
,Hawaii-natt,"Guldahl, Asbjørn",1907 - 1972,J. Rudolf,,,,,,,,
,Jeg elsker dig Zigøiner,"Guldahl, Asbjørn",1907 - 1972,"Rosenlind, Olaf",1908 - 1990,1935,,,,,,
,Jeg er en tater,"Guldahl, Asbjørn",1907 - 1972,"Torleif Larssen (""Tola"")",1899 - 1967,1934,,,,,,
,Jeg er sigøyner,"Guldahl, Asbjørn",1907 - 1972,J. Rudolf,,,,,,,,
,Madrid,"Guldahl, Asbjørn",1907 - 1972,"Torleif Larssen (""Tola"")",1899 - 1967,1935,,,,Norsk Notestik og Forlag,454,
x,Månenatt,"Guldahl, Asbjørn",1907 - 1972,"Torleif Larssen (""Tola"")",1899 - 1967,1932,,,2,Norsk Notestik og Forlag,357,
,Opiumsdrøm,"Guldahl, Asbjørn",1907 - 1972,"Torleif Larssen (""Tola"")",1899 - 1967,1931,,,,Norsk Musikforlag,6857,
,Osloprinsessens Vals,"Guldahl, Asbjørn",1907 - 1972,"T. Larssen, A. Guldahl, A. Engh",,1935,,,,Norsk Notestik og Forlag,425,
,Si mig godnatt nu,"Guldahl, Asbjørn",1907 - 1972,"Torleif Larssen (""Tola"")",1899 - 1967,1932,,,,,,
,Vinterkveld,"Guldahl, Asbjørn",1907 - 1972,"Torleif Larssen (""Tola"")",1899 - 1967,,,,,,,
,Vårblomster,"Guldahl, Asbjørn",1907 - 1972,Morten,,1931,,,,,,
,Blomsterhaven,"Guldahl, Asbjørn  & Svendsen, Kolbjørn",,Torleif Larssen,1899 - 1967,1934,,,,Norsk Musikforlag,6912,
,Viddens sang,"Guldbranson, Eilif",1897 - 1958,Sigurd Skaun,1894 -  1979,1943,Fra filmen Vigdis,,,,,
,Tater Maria,"Gulliksen, Gård",1904 - 1987,Gård Gulliksen,1904 - 1987,1941,,,,Musikk-huset,325,
,De gamle melodier,"Gulliksen, Gård",1904 - 1987,Tola (Torleif Larssen),1899 - 1967,1945,,,,Norsk Musikforlag,7618,
,Her er din sang,"Gulliksen, Gård",1904 - 1987,Gård Gulliksen,1904 - 1987,1943,,,,,,
x,Kärleken blir större för varje dag,"Gullmar, Kai (Gurli Maria Bergström)",1905 - 1982,Karl-Ewert Christenson,1888 - 1965,1945,Fra filmen Sussie,,,,,
,Med dig i mine armer,"Gullmar, Kai (Gurli Maria Bergström)",1905 - 1982,"Hansen, Juul",1913 - 1981,1940,"Fra filmen ""Med dig i mine armer""",,,,,
,Min lykkestjerne,Gunard-Larsen (Danmark),1891 - ?,Lilleklaus (Thorleif Arne Klausen),1882 - 1934,1920,"Fra revyen ""Paa'n igjen"" 1920",,,Kjell Koren & Co,19,
,Den vackraste visan,"Gundersen, Jens",1912 - 1965,"Nerman, Ture",1886 - 1969,1949,,,,Norsk Musikforlag,7844,
,Vuggevise,"Gundersen, Jens",1912 - 1965,"Gundersen, Jens",1912 - 1965,1948-49,,,,Norsk Musikforlag,7778,
,Når vår og sommer kommer,"Gundersen, Normann",1901 - 1977,"Hansen, Sverre",,1937,Omtale,,,Eget forlag,,
,Söderhavets pärla,"Elmer, Gustav
Westling, Ragnar","1897 - 1959
1899 - 1973",Toivo Ek,1897 - 1964,1956,Ragnar Westling,,,,,
,"Else, min blonde veninne","Gyldmark, Sven",1904 – 1981,"Hansen, Juul",1913 -1981,1945,,,,Carl M. Iversen,194,
,Gulaschbaronen,"Gylling, Erik",1894 - 1954,,,1932,,,,Hagstrøm A/S Oslo,,
,Jeg skal ta morfar med meg ut ikvell,Gösta Westerberg & Eric Sandström,,Herbert Herding-Herberth,1904 - 1958,1949,,,,,,
,En norsk sjømann,"Hadland, Ole",1914 - 1994,"Torssen, Laurits",1901 - 1982,1936,,,,Bartnes Forlag,19,
,Ikke alt er tatt av vinden,"Hagen, Egil",1912 - 2004,"Hagen, Egil",1912 - 2004,1943,,,,,,
,Hvad kigger du paa?,"Hall, Gunnar",,"Anker, Paul",1891 - 1981,1929,,,,Jac. Boesens Musikforlag,129,
,Til kongen,"Hall, Pauline",1890 - 1969,Arnulf Øverland,1889 - 1968,,,,,,,
,Drømmen om tjernet det blå,"Halvorsen, S.",,"Albe, Otto",1903 - 1978,1945,,,,Norsk Musikforlag,6705,
,"Hun var bitte, bitte liten","Halvorsen, Sigurd",,"Hansen, Juul",1913 - 1981,1942,,,,Carl M. Iversen,174,
,Mot lykken jeg går,"Halvorsen, Sigurd",,"Hansen, Juul",1913 - 1981,1945,,,,Carl M. Iversen,203,
,Våren i Kristiania,Hannes Ruch,1867 - 1928,Vilhelm Dybwad,1863 - 1950,,,,,,,
,Jørgensens amerikanske hvetebrød,"Hansen, Adolf",1852 - 1911,Henrik Jansen,1877 - 1923,,,,,,,
,Ranco Marsj,"Hansen, Alf",ca 1900 - 1973?,,,ca 1932,,,,,,
,Den nye lokker'n,"Hansen, Erling",,"Hansen, Juul",1913 - 1981,1947,,,,Oscar Skau,287,
,Russemarsch,"Hanssen, Johannes",1874 - 1967,,,1921,,,,Oluf By,1651,
,En aften i Paris,"Hansten, Einar",1909 - 1998,"Hansen, Juul",1913 - 1981,1942,,,,Coda Musikforlag,,
,Jeg sender deg en tanke,"Hansten, Einar",1909 - 1998,Per Kvist,1890 - 1947,1942?,,,,Coda Musikforlag,,
,Sami,"Hansten, Einar",1909 - 1998,"Hansen, Juul",1913 - 1981,1927,,,,Coda Musikforlag,5476,
,Nattens tango,"Harr, Carsten",1907 - 1998,"Harr, Carsten",1907 - 1998,1932,Forside tegnet av Carsten Harr selv.,,,Eget forlag,,
,Vi skall segla livet samman,"Harrison, Walter",,Gösta Stevens,1897 - 1964,1929,"""1 præmie Lailakonkurrancen 1929""",,,,,
,Vestkunstens vals,Harry Blomquist,,,,1931,3dje premie slagerkonkurransen 1931,,,,,
,Speiderhilsen,"Harstad, Hans",1902 - 1985,,,1927,,,,Eget forlag,,
,Det kunne vært deg,"Hartmann, Christian",1910 - 1985,Karl Ludvig Bugge,1915 - 1987,1952,"Fra filmen ""Det kunne vært deg""",,,Musikk-huset,1194,
,En liten fransk souper,"Hartmann, Christian",1910 - 1985,Titus Vibe Muller (& C. Hartmann),1912 - 1986,1943,,,,,,
,En sommerkveld på fjorden,"Hartmann, Christian",1910 - 1985,"Carlmar, Otto",1902 - 1987,1930,,,,Skandinavisk Schlagerforlag,115,
,Et sommereventyr,"Hartmann, Christian",1910 - 1985,"Torleif Larssen (""Tola"")",1899 - 1967,,,,,Norsk Musikforlag,6920,
,Lillegutt,"Hartmann, Christian",1910 - 1985,Christian Hartmann,1910 - 1985,,,,,Norsk Musikforlag,7273,
,Lyttervalsen,"Hartmann, Christian",1910 - 1985,Arne Svendsen,1884 - 1958,1933,"1 premie ""Lytterkonkurranse"" 1933",,,,,
,Masta,"Hartmann, Christian",1910 - 1985,"Carlmar, Otto",1902 - 1987,,Tobakk-reklame,,,,,
,Min lille sommervenn,"Hartmann, Christian",1910 - 1985,"Carlmar, Otto",1902 - 1987,1931,,,,Norsk Musikforlag,6593,
,Monte Carlo,"Hartmann, Christian",1910 - 1985,"Carlmar, Otto",1902 - 1987,1930,,,,Skandinavisk Schlagerforlag,108,
,Når man er litt lykkelig,"Hartmann, Christian",1910 - 1985,Inge Schee,,1946,"Fra filmen ""Et spøkelse forelsker seg""",,,,,
,Ved et lite bål ned'på stranden,"Hartmann, Christian",1910 - 1985,Christian Hartmann,1910 - 1985,1932,Omtale,,,,,
,Røde Roser,"Haschler, Karl",1879 - 1941,"Torleif Larssen (""Tola"")",1899 - 1967,,"Fra filmen ""Der Wildfang""",,,"Coda Musikkforlag, Drøbak",,
,Mammon-ra,"Haugen, Harald Bernhard",1905 - 1982,,,1931,Tekst fra Studentrevyen 1931,,,Duo Forlag,1,
,D'r utrulig hvad det  går an å servere!,"Haugen, Harald Bernhard",1905 - 1983,S. G.,,,,,,Eget forlag,,
,Dillan,"Haugen, Harald Bernhard",1905 - 1983,Henki Kolstad,1915 - 2008,1941,"Fra teaterstykket ""Lykken banker på""",,,,,
,Du er kvinne,"Haugen, Harald Bernhard",1905 - 1982,Rodja Nihiloff,,1929,,,,,,
,Munkholm,"Haugen, Harald Bernhard",1905 - 1982,Rodja Nihiloff,,,Margarin-reklame,,,,,
,Sangen til dig,"Haugen, Harald Bernhard",1905 - 1982,Harald Hope,1913 - 1982,1933,,,,"A/S Musikkhuset, Haugesund",,
,Sangen til mor,"Haugen, Harald Bernhard",1905 - 1982,Harald Hope,1913 - 1982,,,,,,,
,Vårt hus,"Haugen, Harald Bernhard",1905 - 1982,Harald Hope,1913 - 1982,,Sogneprest?,,,"A/S Musikkhuset, Haugesund",,
,8. Mai,"Hauger, Kristian",1905 - 1977,,,1945,,,,,,
,Bli hos mig,"Hauger, Kristian",1905 - 1977,Alf Rød,1894 - 1969,,,,,,,
,Blåklokker,"Hauger, Kristian",1905 - 1977,Herbert Herding-Herberth,1904 - 1958,1929,,,2,,,
,Champagne,"Hauger, Kristian",1905 - 1977,"Kvist, Per",1890 - 1947,1935,,,,Bartnes forlag,15,
,Charleson i Grukkedalen,"Hauger, Kristian",1905 - 1977,Carl Kaas,,1927,2 pr. Jazzkonkurranse 1927,,,,,
,Den lille bueskytter,"Hauger, Kristian",1905 - 1977,"Bø, Finn",1893 - 1962,1942,"Fra filmen ""En herre med bart""",,4,,,
,Den vil jeg nynne for deg,"Hauger, Kristian",1905 - 1977,Gunnar Holm,,,,,3(forskjellig utgaver),,,
,En herre med bart,"Hauger, Kristian",1905 - 1977,"Bø, Finn",1893 - 1962,1942,"Fra filmen ""En herre med bart""",,,,,
,En Oslodag,"Hauger, Kristian",1905 - 1977,"Kvist, Per",1890 - 1947,1936,,,,Norsk Musikforlag,6932,
,Eventyr,"Hauger, Kristian",1905 - 1977,Rolf Hiorth Schøyen,1887 - 1932,1930,,,,,,
,Far og Trine,"Hauger, Kristian",1905 - 1977,"Bø, Finn",1893 - 1962,1942,"Fra filmen ""En herre med bart""",,,,,
,Godnatt,"Hauger, Kristian",1905 - 1977,Arild Feldborg,1912 - 1987,1937,,,,,,
,Gudskjelov-kvelden,"Hauger, Kristian",1905 - 1977,Dorian Red (Arne Paasche Aasen),1901 - 1978,1949,,,,,,
,Hankø-valsen,"Hauger, Kristian",1905 - 1977,Gunnar Kristoffersen,,1933,"Fra revyen ""Kunsten å leve""",,,,,
,I den lille lysegrønne prammen,"Hauger, Kristian",1905 - 1977,Karl Ludvig Bugge,1915 - 1987,1942,,,,,,
,Karl-Johan,"Hauger, Kristian",1905 - 1977,Henry Gleditsch,1902 - 1942,1950,,,,Musikk-huset,260,
,Lillemor er sovnet inn,"Hauger, Kristian",1905 - 1977,Gunnar Holm,,,,,,Norsk Notestik og Forlag,1955,
,Lykkens serenade,"Hauger, Kristian",1905 - 1977,Gunnar Holm,,1941,,,,Musikkhuset A/S,933,
,Når kastanjene blomster i Bygdø Allé,"Hauger, Kristian",1905 - 1977,"Kaspersen, Gunnar",1907 - 1991,1950,,,,Norsk Musikforlag,4288,
,Prins Haralds honnørmarsj,"Hauger, Kristian",1905 - 1977,,,1945,"Fra filmen ""Den forsunne pølsemaker""",,,Musikkhuset A/S,328,
,Pølsemaker - Pølsemaker,"Hauger, Kristian",1905 - 1977,Per Kvist,1890 - 1947,1928,,,,,,
,På musejakt,"Hauger, Kristian",1905 - 1977,,,,,,,Musikk-huset A/S Oslo,1073,
,Sangen vil følge deg,"Hauger, Kristian",1905 - 1977,"Kaspersen, Gunnar",1907 - 1991,1951,,,,Norsk Notestik og Forlag,,
,Si nei om du kan,"Hauger, Kristian",1905 - 1977,Elsa Wenner Bøe (g. Vedeler),1910 - 1967,,"Fra filmen ""En herre med bart""",,,Carl M. Iversen,169,
,Skjebnetimen,"Hauger, Kristian",1905 - 1977,"Bø, Finn",1893 - 1962,1942,,,,Norsk musikforlag,,
,Sommer og sol,"Hauger, Kristian",1905 - 1977,Alf Rød,1894 - 1969,1932,,,,Norsk musikforlag,6556,
,Steinbrytersangen,"Hauger, Kristian",1905 - 1977,Herbert Herding-Herberth,1904 - 1958,1931,,,,Norsk Musikforlag,6586,
,Tilbake til valsen,"Hauger, Kristian",1905 - 1977,,,1931,,,,Musikkhuset,350,
,To og to er tre,"Hauger, Kristian",1905 - 1977,Per Kvist,1890 - 1947,1943,To sanger.,,,Norsk musikforlag,6858,
,Tror du?,"Hauger, Kristian",1905 - 1977,Herbert Herding-Herberth,1904 - 1958,1931,"Fra revyen ""Kunsten å leve""",,,,,
,Vi gjør Adams parole til vår,"Hauger, Kristian",1905 - 1977,Karl Ludvig Bugge,1915 - 1987,1942,,,,Musikk-huset,1494,
x,Vær vår gjest,"Hauger, Kristian",1905 - 1977,Trygve Fjeld,,1956,,,,,,
,Lailas Kjærlighetssang,"Hauger, Kristian, Fred Bjønner (Lars Minsaas), Einar Ellgen",,Rolf Hjort Schøyen,1887 - 1932,1929,,,,,,
,Hvorfor,"Hausken, Arne",1895 - 1963,Arne Hausken,1895 - 1963,,,,,Carl M. Iversen,155,
,Alle roser visner,"Heide-Jacobsen, Gunnar",1910 - 1985 ?,"Hansen, Juul",1913 - 1981,ca 1942,,,,Abraham Lundquist,4083,
,Fiskar-vals från Bohuslän,"Hellström, David",1883 - 1965,"Svenning, Göran",1870 - 1953,1906,,,,Abraham Lundquist,4312,
,Bohuslänska Sjömansvalsen,"Hellström, David",1883 - 1965,"Svenning, Göran",1870 - 1953,1910,,,,Abraham Lundquist,4431,
,Ny Fiskar-Vals,"Hellström, David",1883 - 1965,"Svenning, Göran",1870 - 1953,1913,(Publisert 1913) Omtale,,,"Abraham Lundquist, Stockholm",4536,
,Koster-valsen,"Hellström, David",1883 - 1965,"Svenning, Göran",1870 - 1953,1907,Bevärings-vals från Backamo,,,,,
,Bevärings-vals från Backamo,"Hellström, David",1883 - 1965,"Svenning, Göran",1870 - 1953,1912,,,,"Bohuslänska Förlaget, Strömstad",,
,Bröllops-Valsen,"Hellström, David",1883 - 1965,"Svenning, Göran",1870 - 1953,1914,,,,,,
,Friare-valsen,"Hellström, David",1883 - 1965," Svenning, Göran",1870 - 1953,1909,,,,,,
,Hjärterö-valsen,"Hellström, David",1883 - 1965,"Svenning, Göran",1870 - 1953,,,,,,,
,På Koster,"Hellström, David",1883 - 1965,"Svenning, Göran",1870 - 1953,1932-33,,,,,,
,Styrsö-valsen,"Hellström, David",1883 - 1965,"Svenning, Göran",1870 - 1953,1916,,,,,,
,Det ena du vill men det andra du skall,"Helmer, Arthur",,"Carlberg, Berndt (Berco)",1892 - 1976,1929,,,,Musikcentrums förlag,48,
x,Den vesle fiskerpiken,"Henderlein, Hans (Lotar Olias)",1913 - 1990,"Jakob Hjelte (Hansen, Juul)",1913 - 1981,1955,,,,,,
,Mousmé Jolie,Henri Christiné,1867 - 1941,,,1914,,,,,,
,Ved fjorden,"Henschien, Harald",1902 - 1968,Leif Berg,,,,,,Edition Hermani,101,
,Kirkeklokken,"Hermani, Hermann",1898 - 1960,Hermann Hermani,1898 - 1960,1942,,,,"H. Bardings Musikförlag, Stockholm",318,
,Til min gitar,"Hermani, Hermann",1898 - 1960,Hermann Hermani,1898 - 1960,1944,,,,Victoria musikforlag,967,
,Et sted ved Oslofjord,"Hermani, Hermann",1898 - 1960,Hermann Hermani,1898 - 1960,1941,,,,,,
,Den første vals,"Hermani, Hermann",1898 - 1960,Hermann Hermani,1898 - 1960,,,,,,,
,Den gamle gyngestol,"Hermani, Hermann",1898 - 1960,Hermann Hermani,1898 - 1960,,,,,Carl M. Iversen,,
,Den gamle syrin,"Hermani, Hermann",1898 - 1960,Hermann Hermani,1898 - 1960,1936,,,,,,
,Den gamles sang,"Hermani, Hermann",1898 - 1960,Hermann Hermani,1898 - 1960,,Arr: Trygve Berg,,,Viktoria Musikforlag,965,
,Den lille hestehov,"Hermani, Hermann",1898 - 1960,Hermann Hermani,1898 - 1960,1941,,,,,,
,Det er natt over byen,"Hermani, Hermann",1898 - 1960,Hermann Hermani,1898 - 1960,1942,,,,,,
,Det lakker og li'r mot kveld,"Hermani, Hermann",1898 - 1960,Hermann Hermani,1898 - 1960,,,,,,,
,En dans med tresko på,"Hermani, Hermann",1898 - 1960,Hermann Hermani,1898 - 1960,,,,6,(En svensk utgave),,
x,En liten blåveis,"Hermani, Hermann",1898 - 1960,Hermann Hermani,1898 - 1960,1938,,,,,,
,Et minne om mor,"Hermani, Hermann",1898 - 1960,Hermann Hermani,1898 - 1960,1946,,,2,,,
,Hans og Grete,"Hermani, Hermann",1898 - 1960,Hermann Hermani,1898 - 1960,1936,,,4,,,
,Jeg skal komme til dig,"Hermani, Hermann",1898 - 1960,Hermann Hermani,1898 - 1960,1940,,,,,,
,Juledans,"Hermani, Hermann",1898 - 1960,Hermann Hermani,1898 - 1960,,,,,,,
,Kan du se at våren kommer,"Hermani, Hermann",1898 - 1960,Hermann Hermani,1898 - 1960,1942,,,,Victoria forlag,,
x,Lykkestjernen,"Hermani, Hermann",1898 - 1960,Hermann Hermani,1898 - 1960,1941,Omtale,,,Åge Thoen & Co,,
,Månen skal følge mig hjem,"Hermani, Hermann",1898 - 1960,Solveig Lindstad,,1946,Arr. Sverre Bergh,,,Edition Hermani,195,
,Nordlandssangen,"Hermani, Hermann",1898 - 1960,"Hermani, Hermann",1898 - 1960,1943,,,,,,
,Nyttårsklokken,"Hermani, Hermann",1898 - 1960,Hermann Hermani,1898 - 1960,,,,,,,
,Når heggen blomstrer,"Hermani, Hermann",1898 - 1960,Hermann Hermani,1898 - 1960,,,,,,,
,Sjømannseventyr,"Hermani, Hermann",1898 - 1960,Hermann Hermani,1898 - 1960,1948,,,,Bartnes forlag,,
,Sommer og sol,"Hermani, Hermann",1898 - 1960,Hermann Hermani,1898 - 1960,1937,,,,,,
,Sommertrallen,"Hermani, Hermann",1898 - 1960,Hermann Hermani,1898 - 1960,1942,,,,,,
,Tror du på lykkelige dage,"Hermani, Hermann",1898 - 1960,Hermann Hermani,1898 - 1960,1940,,,,Presto forlag,,
,Vinterkveld,"Hermani, Hermann",1898 - 1960,Hermann Hermani,1898 - 1960,,,,,,,
,Vårens melodi,"Hermani, Hermann",1898 - 1960,Hermann Hermani,1898 - 1960,,,,,,,
,Kom Norges ungdom,"Hermani, Johanne",1897 - 1974,Hermann Hermani,1898 - 1960,1945,,,3,Edition Hermani,,
,Lille Malou,"Hermani, Johanne",1897 - 1974,Hermann Hermani,1898 - 1960,,,,,,,
,Kveldsolens sang,"Hermani, Kate og Dick",,Hermann Hermani,1898 - 1960,,Omtale,,,Norks Musikforlag,6902,
,Den gamle spinnerokk,"Hill, Billy",1899 - 1940,"Torleif Larssen (""Tola"")",1899 - 1967,1933,,,,Ernst Rolf,273,
,Resan till lilleputt,"Hollænder, Friedrich",1896 - 1976,S. S. Wilson (Anita Halldén),1878 - 1970,1923?,Arr. Bjarne Amdahl,,2,,,
,"Ja, Sånn ja.","Holt, Einar",1898 - 1977,"Holt, Einar",1898 - 1977,1943,,,,,,
,Du er Solen i min lille Verden,"Hoyer, Bjarne",1912 - 1991,Erik Leth,1923 - 2000,1946,,,,,,
,Hallandspolka,Hugo Berntsson,1898 - 1978,,,,,,,"Reuter & Reuter, Stockholm",,
,Svenske Holger,"Hylin, Einar",1902 - 1975,"Westling, Ejnar",1896 - 1961,1938,,,,Edition Hermani,212,
,Onkel Andreas,"Händler, Harry",1915 - ?,Rolf Nilsen,1913 - ?,,,,3,,,
,"Lytter du til mig ikveld, kjære mor?","Igor Borganoff (Fred Winter, Sten Njurling)",1892 - 1945,Herbert Herding-Herberth,1904 - 1958,1927,,,,Norsk Musikkforlag,6295,
,Hyldest til Norge,"Ihlen Nistad, Hans",1903 - 1983,Kaj Munk,1898 . 1944,1945,,,,Norsk Musikkforlag,7657,
,Unge hjerter,"Ingemann (Maaseide), Oscar",1901 - 1974,"Rosenlind, Olaf",1908 - 1990,1936,"1 premie Bartnes: ""Sommerens melodier""",,,Bartnes forlag,17,
,Til kongen,"Irgens Jensen, Ludvig",1894 - 1969,Arnulf Øverland,1889 - 1968,1945,Omtale (Komponert ca 1933?),,,Norsk Musikkforlag,7487,
,Det lysnet i skogen,"Islandsmoen, Sigurd",1881 - 1964,Jørgen Moe,1813 - 1882,1945,,,,,,
,Jeg venter på deg,J. N. Wallem & Carl C. Bøyesen,,Arne Bendiksen,1926 - 2009,1956,,,,,,
,To brune øine,Jean Lacome (Sven Gyldmark),1904 - 1981,Carl Kaas,,1942,,,,Svenska Noter,44,
,Drömmarnas ö,"Jackson, Edward H.",,S. S. Wilson (Anita Halldén),1878 - 1970,1930,Sven Flodin?,,,,,
,Du skal ikke gi meg roser,"Jensen, Hans Jørgen",1907 - 1969,Per Plex,,1946,,,,Egil Monn Iversen,,
,Min kjære venn,"Jensen, Per-Gunnar",1928 - 2014,"Jensen, Per-Gunnar",1928 - 2014,1958,Omtale,,,Norsk Musikforlag,6916,
,Når lysene tendes derhjemme,Joe Lyons & Sam C. Hart,,Bob Gunnér (Olgar Sundt Gundersen),1897 - 1937,1933,,,,Norsk Notestik og Forlag,1946,
,Fjellenes land,"Johansen, Edgar",1915 - 1980,"Mathisen, Rino (Sølving)",1912 - 1991,1941,,,,,,
,Skuffet kjærlighet,"Johansen, Willy",1903 - 1976,Alf Amble,1909 - 1950,1904,,,,Norsk Musikforlag,6568,
,Alt for Norge,"Johansson, Allan",1900 - 1982,,,1930,,,,Norsk Musikforlag,5475,
,Canada,"Johansson, Allan ( & Hamilton)",1900 - 1982,,,1927,,,,,Musikcentralen,235.0
,Inntogs-Marsj,"Johansson, Allan",1900 - 1982,,,1929,,,,,,
,Marine-marsch,"Johansson, Allan",1900 - 1982,,,,,,,Musikcentralen,229,
C,Toreador,"Johansson, Allan",1900 - 1982,,,1929,,,,Musikcentralens forlag,233,
,Lördagsvalsen,"Johansson, Anselm",1898 - 1983,"Myrberg, Anna (Svarta Masken)",1878 - 1931,1921,,,,Carl M. Iversen,236,
,Brudevals,"Johnsen, Ivar",1908 - 1978,,,1929,,,,Norsk Notestik og Forlag,185,
,Nidaruss,"Jormann, Oscar",1900 - 1978,Rolf Haukaas,,1929,3 pr. Jazzkonkurranse 1927,,,,,
,En Rose,"Jormann, Oscar",1900 - 1978,Carl Kaas,,1927,,,,Sonora Musikförlag,4081,
,Nya Värmlandsvalsen,"Jularbo, Carl",1893 - 1966,,,1943,,,,,,
,En sommerflirt,"Juster, Leif",1910 - 1995,Per Kvist,1890 - 1947,1942,,,,Norsk Musikforlag,7253,
,Pramhusbesidderen,"Juster, Leif",1910 - 1995,Per Kvist,1890 - 1947,1942,,,,Norsk Musikforlag,7254,
,Avskjed med hjemmet,"Jærvi, Alto",,"Jærvi, Alto",,1947?,,,,Carl M. Iversen,237,
,Ma Ya Wong,"Jærvi, Alto",,Dorian Red (Arne Paasche Aasen),1901 - 1978,,,,,,,
,Den lille kjøkkenskriver,Karl Grönstedt & Ruedi Egger,1912 - 1983,"Hansen, Juul",1913 - 1981,1955,,,,Arne Bendiksen A/S,,
,Lena,"Karlsen, Kjell",1931 - 2020,"Mosnes, Terje",1947 -,1969,,,,,,
,Sjømannen og stjernen,"Karlsson, Bror",,"Hansen, Juul",1913 - 1981,,Tekst fra 1927?,,,,,
,Lille Inger Silkekinn,"Kauffmann, Hans",?,Claus Frimann Clasen (Lyktemannen),1894 - 1970,<1943,,,,Norsk Musikkforlag,1044,
,Vandringsmenn,"Kessler, Jakob",,Arne Paasche Aasen,1901 - 1978,1950,,,,Norsk Musikforlag,6937,
,"Med det blunket i øiet, Mathilde","Kierulf, Willy",1900 - 1944,"Torleif Larssen (""Tola"")",1899 - 1967,1936,Note fra 1957,Omtale,,Harald Lyche,,
,På Hovedøen,"Kierulf, Willy",1900 - 1944,Vilhelm Dybwad,1863 - 1950,?,,,,Kåre Korneliussen,42,
,Hjallispolka,"Korneliussen, Kåre",1916 - 1980,,,1954?,Dansk,,,,,
,"Du, den eneste pike jeg kjenner","Krahn, Eiler",1890 - 1950,Knud Secher,,1927,,,,,,
,Bølgene bruser,"Kramer-Johansen, Jolly",1902 - 1968,Victor Borg,1916 - 1996,,,,,,,
,Frihetens forpost,"Kramer-Johansen, Jolly",1902 - 1968,Arne Paasche Aasen,1901 - 1978,1945,,,,Bartnes forlag,32,
,Hjemløse hjerter,"Kramer-Johansen, Jolly",1902 - 1968,Arne Paasche Aasen,1901 - 1978,1936,,,2,,,
,Kjerringa passer på meg,"Kramer-Johansen, Jolly",1902 - 1968,Per Kvist,1890 - 1947,1943,"Fra filmen ""Kjærlighet og vennskap""",,,Musikkhuset,310,
,Kjærlighet og vennskap,"Kramer-Johansen, Jolly",1902 - 1968,Alf Rød,1894 - 1969,1941,,,,Bartnes forlag,27,
,Min lille geisha,"Kramer-Johansen, Jolly",1902 - 1968,Henry.,,1937,"Fra filmen ""En herre med bart""",,,,,
,Sykkelvisa,"Kramer-Johansen, Jolly",1902 - 1968,Per Kvist,1890 - 1947,,"Fra filmen ""Tante Pose""",,,Musikk-huset,273,
,Tante Pose,"Kramer-Johansen, Jolly",1902 - 1968,,,,,,,Bartnes forlag,20,
x,Under palmene,"Kramer-Johansen, Jolly",1902 - 1968,"Rosenlind, Olaf",1908 - 1990,1936,Fra filmen Vigdis,,,,,
,Vigdis: reilender,"Kramer-Johansen, Jolly",1902 - 1968,,,1943,Fra filmen Vigdis,,,,,
,Vigdis: Vals,"Kramer-Johansen, Jolly",1902 - 1968,Jolly Kramer-Johansen,1902 - 1968,1943,Den farlige leken,,,Norsk Notestik og forlag,,
,Violer,"Kramer-Johansen, Jolly",1902 - 1968,Jolly Kramer-Johansen & Olaf  Rosenlind,,1935,,,,Norsk Musikforlag,6927,
,Vår melodi,"Kramer-Johansen, Jolly",1902 - 1968,Jolly Kramer-Johansen,1902 - 1968,1942,,,,,,
,Rosmarie,"Kreuder, Peter",1905 - 1981,"Torleif Larssen (""Tola"")",1899 - 1967,,Pseudonym for Henrik A. Dedichen,,,Norsk Musikforlag,4296,
,Rikke ved skrivemaskinen,"Krier, Georges",1872 - 1946,Henrik Harpestreng,1863 - 1935,1909,,,,Norsk Musikforlag,6872,
,Dröm,"Kristoffersen, Fridthjof (Karl Tast)",1894 - 1962,"Carlmar, Otto",1902 - 1987,1929,,,,Hjemmens Notecentrals forlag,,
,Spill Zigøiner Primas,"Kristoffersen, Fridthjof (Karl Tast)",1894 - 1962,"Kristoffersen, Fridthjof (Karl Tast)",1894 - 1962,1932,,,,Carl M. Iversen,435,
,Tramper'n,"Kristoffersen, Fridthjof (Ola Pilt)",1894 - 1962,,,1929,,,,Norsk Musikforlag,6482,
,Skuddårsvalsen,"Krogh, Erling O.",1888 - 1968,"Krogh, Erling O.",1888 - 1968,1960,,,,Carl M. Iversen,444,
,Ungkarsvalsen,"Krogh, Erling O.",1888 - 1968,"Krogh, Erling O.",1888 - 1968,1959,Op 168,,,Ernst Rolf,44,
,Den norske speiderpike,"Kruge, Ragnhild",,,,,,,,Eget forlag,,
,Permissionsvalsen,"Kräusel, Georg",1882 - 1959,?,,1916,,,,,,
,Berceuse,"Krømer, Philip",1905 - 1998,"Obstfelder, Sigbjørn",1866 - 1900,1944,,,,Norsk Musikforlag,7425,
,September Song,Kurt Weill,1900 - 1950,Maxwell Anderson,1888 - 1959,1929,Omtale,,,,,
,En glad trall,"Körling, Felix",1864 - 1937,Gustav Fröding,1860 - 1911,1905?,,,,Edition Sylvain/Norsk Notestik & Forlag,1835,
,Jeg kan det  ikke!,"Lagerkrans, Karl Olof",1903 - 1966,"Teien, T.",,1936,Pseudonym for Gustav Winckler,,,,,
x,Hvide måge,"Lance, Walther",1925 - 1979,Kim Holter,1925 - 1979,1957,Pseudonym for Gustav Winckler,,,,,
,Send en hilsen hjem med en bukett fioler,"Lance, Walther",1925 - 1979,Kim Holter,1925 - 1979,1938,,,,,,
,En böljedans,Landin - Granath - Winter,,,,1927,,,,,,
,Finnmarkspiken,"Langbo, Kirsten",1909 - 1996,Georg Langbo,1904 - 1961,,,,,Harld Lyche,,
,Lillebror og mor,"Langbo, Kirsten",1909 - 1996,"Langbo, Kirsten",1909 - 1996,,,,,,,
,Du fagre Trondhjem,Lars F. B. Minsaas,1904 - 1986,Konrad Sehm,,1929,,,,,,
,Verdalsangen,Lars F. B. Minsaas,1904 - 1986,Bjarne Slaapgard,1901 - 1997,1939,,,,,,
,Det suser i skogene,"Larsen, Georg",,Arne Paasche Aasen,1901 - 1978,,,,,Norsk Musikforlag,6391,
,Se våren er kommet,"Larsen, Georg",,"Torleif Larssen (""Tola"")",1899 - 1967,1935?,2. premie i Norsk Musikforlag og Aftenpostens Slagerkonkurranse,,,Norsk Musikforlag,7201,
,Stjerneskudd,"Larsen, Georg",,Herbert Herding-Herberth,1904 - 1958,1937,,,,Norsk Musikkforlag,7244,
,Hu-la-lu-la-lei,"Larsen, Harry",1912 - 1992,Harry Larsen,1912 - 1992,,1 premie i Norsk Musikforlag og Aftenpostens Sommerkonkurranse,,,,,
,Sommersangen,"Larsen, Harry",1912 - 1992,Per Kvist,1890 - 1947,1936,,,2,,,
,Stjerneklar himmel,"Larsen, Harry",1912 - 1992,Lauritz Thorsen,(1901 - ?),1945,"Fra filmen ""Hansen og Hansen""",,,Johan Clemet,,
,Te Quiero,"Larsen, Jens",1910 - 2000,"Bø, Finn",1893 - 1962,,Omtale,,,,,
,"Norge i rødt, hvitt og blått","Larsson, Lars-Erik",1908 - 1986,"Bø, Finn",1893 - 1962,1940,,,,,,
,Vandrerens sang,Leif Frydenlund & Herman Hermani,,Hermann Hermani,1898 - 1960,,,,,,,
,Godnatt,Leif Halvorsen,1887 - 1959,Rolf Hiorth Schøyen,1887 - 1932,1929,,,,,,
,Kjærlighetens gamle sang,"Lemkow, Jack",,Peter Magnus,,,,,,Carl M. Iversen,350,
,Møllerens Irene,Leon Landgren & Ake Gerhard,,"Hansen, Juul",1913 - 1981,1954,,,,,,
,Under morgenstjernen,"Leondardo, T.",,"Høvre, Rolf (Rolf Jacobsen)",1907 - 1994,1931,Pseudonymer både for kompoinst og tekstforfatter,,,Norsk Musikforlag,6567,
,Jeg drømmer mig tilbake,"Levin, Robert",,Victor Louis,,,,,,Ernst Rolfs Musikforlag,1692,
,Den har han med sig hvor han går,"Lindberg, Helge",1898 - 1973,"Carlmar, Otto",1902 - 1987,1929,,,,,,
,Niagara,"Lindberg, Helge",1898 - 1973,Gösta Stevens,1897 - 1964,1928,,,,Ernst Rolf,1733,
,Prinsessan Märthas vals,"Lindberg, Helge",1898 - 1973,Gösta Stevens,1897 - 1964,1932,,,,,,
,En kärleksnatt i Barcelona,"Lindberg, Helge",1898 - 1973,Nils-Georg (Georg Eliasson),1905 - 1973,1929,Publisert med norsk tekst i 1925?,,,,,
,Nycklehålet,"Lindberg, Helge",1898 - 1973,Karl-Ewert Christenson,1888 - 1965,<1926,,,,,,
,Prinsessan Astrids bröllopsvals,"Lindberg, Helge",1898 - 1973,S. S. Wilson (Anita Halldén),1878 - 1970,1926,,,,,,
,Dansende skygger,"Lindboe Nordtømme, Helge",1906 - 1980,"Torleif Larssen (""Tola"")",1899 - 1967,1945,,,,,,
,Stemning,"Lindboe Nordtømme, Helge",1906 - 1980,"Torleif Larssen (""Tola"")",1899 - 1967,1949,(Alias Hellinor),,,,,
,Vårsang,"Lindboe Nordtømme, Helge",1906 - 1980,"Lindboe Nordtømme, Helge",1906 - 1980,1945,,,,,,
,La Vie en rose,Louis  Guglielmi,1916 - 1991,Edith Piaf,1915 - 1963,,,,,,,
,En mann,"Ludt, Finn",1918 - 1992,Barthold Halle,1925 -,1951,,,,Norks Musikkforlag,7240,
,"Gråt ikke mer, lille pike","Ludt, Finn",1918 - 1992,Finn Ludt,1918 - 1992,1941,,,,,,
,Hildringstimen,"Ludt, Finn",1918 - 1992,Erik Bye,,,,,,,,
,Led meg,"Ludt, Finn",1918 - 1992,Finn Ludt,1918 - 1992,1951,,,,Norsk Musikforlag,7297a,
,Flickorna i Småland,"Lundberg, Fridolf",1867 - 1924,"Williams, Karl",1881 - 1947,1912,Note fra 1945. Omtale,,,Nordiska Musikförlaget,1847,
,Skumringsstillhet,"Mackenzie, Laurie",1902 - 1962,"Torleif Larssen (""Tola"")",1899 - 1967,1943-44,,,,Norsk Musikforlag,7297b,
,Flyvende Fugl,"Mackenzie, Laurie",1902 - 1962,"Torleif Larssen (""Tola"")",1899 - 1967,1943-44,,,,,,
,Et lys i ditt vindu,"Mackenzie, Laurie",1902 - 1962,"Mackenzie, Laurie",1902 - 1962,,,,,,,
x,The Backstairs to Heaven,"Mackenzie, Laurie",1902 - 1962,"Mackenzie, Laurie",1902 - 1962,1935,Teddy-reklame,,,Bartnes forlag,,
,Teddy,"Madsen, Hans Sverre",1901 - 1972,,,,1 premie 1937 Musikernes slagerkonkurance.,,,,,
,Sommeren er kommet,"Madsen, Håkon",1914 - 1996,Dorian Red (Arne Paasche Aasen),1901 - 1978,,,,,,,
,Fjøsnissen,"Magnor, Reidar",,Petter Løkke (Luvån),1897 - 1960,1937,,,,,,
,Fra uret til Grand,"Magnus, Peter",,"Magnus, Peter",,1943,,,,,,
,Styrmans-valsen,"Marcusson, Helmuth",? - 1915,Nalle (Björn Gustaf) Halldén,1862 - 1935,1928,,,,,,
,Tulipaner,"Mathiesen, Halvdan",1899 - 1970,Arne Paasche Aasen,1901 - 1978,,,,,Norsk Musikforlag,7294,
,"Å Marie, jeg vil hjem","Mel Tillis
Marijon Wilkin","1932 - 2017
1920 - 2006","Bøyesen, Carl Christian ",1917 - 1999,1959,,,,Harmoniforlaget,,
,Gamle Svarten,"Michael Carr
Joseph Hamilton Kennedy","1905 - 1968
","Sandberg, Sven-Olof",1905 - 1974,1934,Gamle Svarten,,,,,
,Lykkens have,Minsaas (Lars) Fredrik Bjørn,1904 - 1986,Arne Paasche Aasen,1901 - 1978,1936,"2 premie Bartnes: ""Sommerens melodier""",,,Bartnes forlag,18,
,Amoriner,"Minsaas, Lars F. B. (Fred Bjönner)",1904 - 1986,"Bø, Finn",1893 - 1962,1929,2 premie Norsk Notestik & Forlag,,,Norsk Notestik & Forlag,199,
,Nordlandsnetter,"Moe, Bjarne",1917 - 1978,Sveinulv Jarnæs,1920 - 1953,1952,,,,Oscar Skau,375,
,De skal seile,"Moe, Bjarne",1917 - 1978,Sveinulv Jarnæs,1920 - 1953,1953,Tilegnet Redningsskøytene,,,Oscar Skau,387,
,Uhm - Uhm,"Monn-Iversen, Egil",1928 - 2017,Knut Andersen,,,,,,"R. Westling, Stockholm",,
,"Oh, Senorita","Morgan, Charles (Ragnar Westling)",1899 - 1973,"Henriksson, Alf",,1938,,,,,,
,Anne Mari,"Mortensen, Harald",1891 - 1970,Herbert Herding-Herberth,1904 - 1958,1935,,,,,,
,Honeymoon-time,Mortimer,,H.A.,,1929,"Komponist: Konsertmester i ""The Jazzers students""",,,,,
,Den glade vandrer,"Møller, Friedrich W.",1911 - 1993,"Hansen, Juul",1913 - 1981,1954,Omtale,,,Musikk-Huset Oslo,1108,
,La meg få en rose,"Mørk,Per",1923 - 2013,"Kaspersen, Gunnar",1907 - 1991,1945,2den premie schlagerkonkuransen 1945,,,,,
,Sønsteby'n,"Mørk,Per",1923 - 2013,,,1924,,,,Skandinavisk prodiksjon,21,
x,Sjøsjarmøren,"Naur, A.",,"Torleif Larssen (""Tola"")",1899 - 1967,1932,,,,,,
,En liten vals,"Neshagen, Gudrun Schøyen",,"Neshagen, Gudrun Schøyen",,1947,(Brudevalsen),,,Musikcentralen,155,
,Sommerfuglen,"Nicholls, Horatio",1888 - 1964,"Kjær, Johan",1867 - 1933,1925,Pseudonym for Lawrence Wright,,,Musikkhuset,301,
,Fjellsangen,"Nielsen, Adolf Kristoffer",1890 - 1960,"Holger Sinding
Alfred Maurstad","1853 - 1929
1896 - 1967",1939,Fjellsangen,,,Musikk-huset,305,
,Byen vår,"Nielsen, Adolf Kristoffer",1890 - 1960,Einar Tveito,1880 - 1958,1940,"Fra filmen ""Godvakker-Maren""",,,Musikk-huset,1689,
,Rheinlender,"Nielsen, Adolf Kristoffer",1890 - 1960,,,1939,"Fra filmen ""Gjest Baardsen""",,,Musikk-huset,,
,Bakgårdsserenade,"Nielsen, Otto",1909 - 1981,"Nielsen, Otto",1909 - 1981,1959,"Fra filmen ""Veien tilbake""",,,Musikk-huset,2001,
,Det har vi!,"Nielsen, Otto",1909 - 1981,"Nielsen, Otto",1909 - 1981,1945,,,,Musikkhuset,268,
,Du skal få en dag i mårå,"Nielsen, Otto",1909 - 1981,"Prøysen, Alf",1914 - 1970,1971,,,,,,
,Grinimarsjen,"Nielsen, Otto",1909 - 1981,"Nielsen, Otto",1909 - 1981,1945,,,,,,
,Hun kommer mot deg,"Nielsen, Otto",1909 - 1981,"Nielsen, Otto",1909 - 1981,1945,,,,Musikkhuset,268,
,Udsigt fra Flöien,"Nielsen, Thorvald",1851 - 1920,Henrik Jansen,1877 - 1923,1959?,,,,Carl M. Iversen,329,
,Maibruden,"Nielson,Haakon B.",1906 - 1981,Haakon B. Nielson,1906 - 1981,1953,,,,Norsk Musikforlag,6875,
,Ved din lille seng,"Nielson,Haakon B.",1906 - 1981,Haakon B. Nielson,1906 - 1981,1932,,,,Thore Brækken,,
,Trangen-marsj,"Nilsen, Sverre",1918 - 1982,,,1948,Omtale,,,Oscar Skau,295,
x,Nordsjön,"Nilsson, Martin",1890 - 1963,"Nilsson, Martin",1890 - 1963,1935,Ikke tatt med revytekst (9 vers!),,,"Musikcentrums förlag, Stockholm",54,
,Ifrån fädren har det kommit,"Noiret, Louis",1896 - 1968,"Carlberg, Berndt (Berco)",1892 - 1976,1929,<1924,,,Norsk Musikforlag,6930,
,Sommerglæde,Noralf Ravn-Talle,? - 1968,,,1936,,Fra Einar Økland,,Eget forlag,,
,Under den gyldne Solnedgang,"Nordby, Alf",?,,,ca 1930,,,,,,
,Glemte du,"Nordgaard, Harald",,"Nordgaard, Harald",,,,,,,,
,Jubileumsmarsj A/S Sundt & Co,"Norill, Arthur H.",1894 - 1968,,,1945,,,,,,
x,Valse Romantique,"Norløff, Per",1926 – 2020,Ulf Scott Christensen,1921 – 2003,1945,,,,Musikcentralen,167,
,Toner fra Himlen,"Normann Andersen, Kai",1900 - 1967,Børge Müller,1909 - 1963,1927,,,,,,
x,Alle går rundt og forelsker sig,"Normann Andersen, Kai",1900 - 1967,Børge Müller,1909 - 1963,1941,,,,,,
,Jeg har forelsket mig,"Normann Andersen, Kai",1900 - 1967,Børge Müller,1909 - 1963,1949,,,,Norsk Schlager-forlag,,
,Stemningsmelodien,"Normann Andersen, Kai",1900 - 1967,Børge Müller,1909 - 1963,1945,"Alias (""Hellinor"" og ""Tola"")",,,,,
,Sossidi-valsen,"Normann, Ralph",,"Bø, Finn",1893 - 1962,,,,,,,
,Valse Amourette,"Nygård, Oddvar",1919 - 1985,,,1943,Reklame for Concordia Canning Company.,,,,,
,CCC Marsch,"Næss, Erling",1885 - 1957,,,1913,Omtale,,,Carl M. Iversen,148,
,Når rosene blomstrer i mormors hage,"Ofstad, Kolbjørn",1917 - 1996,"Ofstad, Kolbjørn",1917 - 1996,1943,Omtale,,2,Carl M. Iversen,149,
,Når byens lys blir tendt,"Ofstad, Kolbjørn",1917 - 1996,"Hansen, Juul",1913 - 1981,1943,,,,Carl M. Iversen,208,
,Der midnattsolen flommer,"Ofstad, Kolbjørn",1917 - 1996,"Hansen, Juul",1913 - 1981,1945?,,,,,,
,En liten lykkering,"Ofstad, Kolbjørn",1917 - 1996,"Hansen, Juul",1913 - 1981,,,,,,,
,Gatesangeren,"Ofstad, Kolbjørn",1917 - 1996,John Elin,,,,,,,,
,Katja,"Ofstad, Kolbjørn",1917 - 1996,John Elin,,,,,,Harald Henschien,,
,Skjønn er Hawaii,"Ofstad, Kolbjørn",1917 - 1996,John Elin,,1942,,,,,,
,Kom ombord här på arken till oss,"Olrog, Ulf Peder",1919 - 1972,"Olrog, Ulf Peder",1919 - 1972,1947,1ste premie schlagerkonkuransen,,,,,
,Så seile vi på Mjøsa,"Olrog, Ulf Peder",1919 - 1972,"Prøysen, Alf",1914 - 1970,1945,,,,Musikk-huset,2002,
,Vær hos mig,"Olsen, Bernt",,Frithjof Granli,1905 - 1965,1945,,,,,,
,För det gjorde Mamma när Mamma var flicka,"Olson, Elis (Elis Ellis)",1879 - 1956,"Olson, Elis (Elis Ellis)",1879 - 1956,1907,Omtale,,,,,
,Gärdebylåten,"Olsson, Hjort Anders",1865 - 1952,,,1950,,,,Musikk-huset A/S,354,
,På lördagsball,"Olsson, Valter",1894 - 1951,,,1934,,,,,,
,Jeg vet om en pike med øyne blå,"Opsahl-Andersen,R.",,"Torleif Larssen (""Tola"")",1899 - 1967,,,,,Bartnes forlag,8,
,Mitt hjertes dronning,"Orvan, Leif Gunnar",1900 - 1956,"Rosenlind, Olaf",1908 - 1990,1935,Omtale,,,Musikk-Centrum,,
,Nidelven,Oscar Hoddø & Christian Christensen,,Oscar Hoddø & Christian Christensen,,1940,,,,Ernst Rolf,46,
,Curling,"Paban, Frei",,,,1916,,,,,,
,Gaasunger,"Pande,Ingrid",1893 - 1962,Rolf Pande,1882 - 1945,1915,Bardomshjemmet,,2,,,
,Fjorden der hjemme,Paul Dresser,1857 - 1906,Magnus Brostrup Landstad,1876 - 1956,1897,,,,,,
,Hør lille pike,"Paul, Alf",1914 - 1993,"Hansen, Juul",1913 - 1981,1941,,,,Norske Noter,1,
,Gråt ikke jenta mi,"Peaters, Alf",1901 - 1951,Carl Kaas,,1929,,,,Kjell Koren,37,
x,On the shore of Hawaii,"Peaters, Alf",1901 - 1951,,,<1924,,,,Ernst Rolfs Musikforlag,333,
,När ljusen släcktes,"Peaters, Alf",1901 - 1951,S. S. Wilson (Anita Halldén),1878 - 1970,1924,,,,Ernst Rolfs Musikförlag,408,
,En för alla och alla för en,"Peaters, Alf",1901 - 1951,"Carlberg, Berndt (Berco)",1892 - 1976,1924,"Opus 219, Reklame for Mowinckles margarinfabrik",,4,,,
,Bare sol,"Peaters, Alf",1901 - 1951,Cato Blom,1895 - 1949,1930,,,,,,
,China Town,"Peaters, Alf",1901 - 1951,S. S. Wilson (Anita Halldén),1878 - 1970,1925,Alf Peaters egen håndskrevne note,,,,,
,Evig ungdom,"Peaters, Alf",1901 - 1951,?,,1930,,,,,,
,Gullebarn,"Peaters, Alf",1901 - 1951,S. S. Wilson (Anita Halldén),1878 - 1970,1929,,,,,,
,På Hankø,"Peaters, Alf",1901 - 1951,Carl Kaas,,,A-magasinet 9. mars 1935,,,,,
,Sangen om dig,"Peaters, Alf",1901 - 1951,Alf Røed,1894 - 1969,1935,,,,,,
,Ta mig i din favn og dans,"Peaters, Alf",1901 - 1951,"Kaas, Carl",,1928,,,,Norsk Musikforlag,6335,
,Vi vil seile livet sammen,"Peaters, Alf",1901 - 1951,Carl Kaas,,1929,,,,,,
,Zo Zo,"Peaters, Alf",1901 - 1951,,,1921,,,,,,
,My little Sweetheart,"Pedersen, Albert Edvin",1906 - 1965(?),Per Kvist,1890 - 1947,1929,( f. Harriet Weidemann Strøm),,,,,
,En vårmelodi,"Pedersen, Bernhard",,Harriet Weidemann Ørn,1886 - 1954,,,,,,,
,Ballangrud,"Pedersen, Kaare Ingemann (Viksveen) ",1905 - 1956,Einar Fagstad,1899 - 1961,1929,,,,,,
x,I det gamle kvarter,"Pedersen, Kaare Ingemann (Viksveen) ",1905 - 1956,Hermann Hermani,1898 - 1960,1941,,,,,,
,I morgenrødens skjær,"Pedersen, Kaare Ingemann (Viksveen) ",1905 - 1956,Jens Book Jenssen,1910 - 1999,1937,2den premie Rytmes Slagerkonkurranse 1942,,,Harald Henschien,,
,Kjærlighetsstien,"Pedersen, Kaare Ingemann (Viksveen) ",1905 - 1956,Arne Paasche Aasen,1901 - 1978,1942,,,,Norsk Musikforlag,7215,
,Skib O'Hoi valsen,"Pedersen, Kaare Ingemann (Viksveen) ",1905 - 1956,"Fredhöi, Fred A.",1890 - 1979,1932,,,,Fredhöis Forlag,,
,Svundne netter,"Pedersen, Kaare Ingemann (Viksveen) ",1905 - 1956,Einar Fagstad,1899 - 1961,1938,Tilbud fra Norsk Schlager Forlag,,,,,
,Syng denne melodien,"Pedersen, Kaare Ingemann (Viksveen) ",1905 - 1956,Jens Book Jenssen,1910 - 1999,1944?,,,,Ernst Rolf,261,
,Som'rens melodi er som poesi,Per Reidarson,1879 - 1954,Mogens Dam,1897 - 1979,1922,Mangler et noteark.,,,Germania forlag,2,
,Kalfatrus,"Petersen, Alf (Alf Peaters)",1901 - 1951,,,194?,,,,Kjell Koren,12,
,Lille Doll,"Petersen, Alf (Alf Peaters)",1901 - 1951,Einar J.,,1920,,,,Eget forlag,,
,Valsen til mor,"Petersen, Emil",1901 - 1989,"Petersen, Emil",1901 - 1989,1947,,,,,,
x,En liten pige i lave sko,"Pheiffer, Knud",1909 - 1961,"Pheiffer, Knud",1909 - 1961,1953,,,,Norsk Notestik og Forlag,240,
,Lille Johanne,Pierre Bussé,,Per Kvist,1890 - 1947,,Norsk tekst Arne Bendiksen,,,Carl M. Iversen,,
,True Love,"Porter, Cole",1891 - 1964,"Porter, Cole",1891 - 1964,1955,,,,Edition Hermani,190,
,Lille Solgull,"Påhlman, Otto",1919 - 2003,"Påhlman, Otto",1919 - 2003,1945,A-magasinet september,,,,,
,Valse Noble,"Qvigstad, Elisabeth",1902 - 1909,,,1934,2. premie Norsk Musikforlag og A-magasinets sommerkonkurranse,,,Norsk Musikforlag,6931,
,Det dufter av jasminer,"Ramsøy, Leif",1914 - 1999,Herbert Herding-Herberth,1904 - 1958,1936,,,,Oscar Skau,225,
,Julesang,"Rian, Christian",1886 - 1977,Fredrik von der Lippe,1904 - 1976,1945,,,,"Hoffmanns Musikhandel, Trondhjem",3,
,For første gang,"Rian, Christian (Chr. Molière)",1886 - 1977,Magnus Brostrup Landstad,1876 - 1956,1918,,,,Haakonsens musikhandel,3,
x,Naughty Girl,"Rian, Christian (Chr. Molière)",1886 - 1977,,,1918,,,,,,
,Jeg er pen i klær'ne,Ricardo,,Ricardo,,192x,Reklame for Wilhelm Kahrs i Bergen,,,Ernst Rolf,426,
,En sang fra Mexico,Ricardo Lamarr (Phil Guide?),,"Hansen, Juul",1913 - 1981,1944,,,,,,
,Seminola,"Robert King
Harry Warren","1862 - 1932
1893 - 1981",S. S. Wilson (Anita Halldén),1878 - 1970,1925,,,,Ernst Rolf,247,
,Følg mig tilbake,Rolf Chr. Bye,,"Hansen, Juul",1913 - 1981,1945,,,,Ernst Rolfs Musikforlag,1793,
,I en söt liten stuga,"Rolf, Ernst",1891 - 1932,S. S. Wilson (Anita Halldén),1878 - 1970,1921,,,,Ernst Rolfs Musikforlag,23,
,Nya Norrlandsvalsen,"Rolf, Ernst",1891 - 1932,Ernst Rolf,1891 - 1932,1929,,,,Svenska Noter,122,
,Sjömanskärlek,"Rolf, Ernst",1891 - 1932,"Åkerblom, Ragnar",1877 - 1932,ca 1916,,,,,,
,Min blå lagun,"Rolland, Ernest",,"Sandberg, Sven-Olof",1905 - 1974,1930,,,,,,
,Hils alle guttene derute,"Roundquist, Helge",1907 - 1983,Dorian Red (Arne Paasche Aasen),1901 - 1978,,,,,,,
,Et lite streif av sol ,"Rudolf, J.",,Bjørn Carlsen,,,,,2,,,
,Ved min barndoms grind,"Rudolf, J.",,R. T.,,,,,,,,
,Vintermåne,"Rudolf, J.",,Bjørn Carlsen,,1935?,Fra filmen med samme navn,,,,,
x,Piken i dalen,Rune Edwin,1927 - 2010,Stig Lange,,1929,,,,Carl M. Iversen,1001,
,Sol över Klara,"Runö, Sven",1901 - 1960,Nils-Georg (Georg Eliasson),1905 - 1973,,,,,Ernst Rolf,264,
,Når bålene flammer,"Ryan, Magne",1910 - 2001,,,1937,,,,Nils Georgs Musikførlag,507,
,Haremsprinsessan,"Rygaard, Georg",1894 - 1921,Claus Frimann Clasen (Lyktemannen),1894 - 1970,1920,,,,Musikk-huset,1677,
,To smaa fugler,"Røtter, Henry",1908 - 1989,David Hagbart Bjerke Davidsen,1901 - 1979,1929,Svensk tekst/utgivelse,,,,,
,Den vakre visa,"Sandbeck,Vidar",1918 - 2005,"Sandbeck,Vidar",1918 - 2005,1959,,,,,,
,Pengegaloppen,"Sandbeck,Vidar",1918 - 2005,Olrog-Norlèn,1918 - 2005,1959,"Norsk tekst T. Larssen (""Tola"")",,,Norks Musikforlag,6944,
,Der det suser i millange skogen,"Sandberg, Gunnel",1909 - 1951,"Sandberg, Sven-Olof",1905 - 1974,1936,,,,,,
,Gjennom skogenes mektige sus,"Sandberg, Gunnel",1909 - 1951,"Holm, Gunnar",,,,,,,,
,Alle vakre jenters hambo,"Saus, Anders",1919 - 2003,Anders Saus,1919 - 2003,1955,3. premie Rytmes Schlagerkonkurranse 1942,,,Norsk Musikforlag,6933,
,Skjønne Sorina,"Scharff, Jakob",1908 - 1942,Arne Paasche Aasen,1901 - 1978,1942,,,,Carl M. Iversen,361,
,Walter Andreas,"Schau, Just",1903 - 1956,Herbert Herding-Herberth,1904 - 1958,1936,Omtale,,,,,
x,Midnattsolens land,"Schikora, Willy",1923 - 2004,"Schikora, Willy",1923 - 2004,1955,2den premie slagerkonkurransen 1931,,,,,
,La oss leve livet,"Schjørn, Christian",1911 - 1971,Per Kvist,1890 - 1947,1931,,,,Norsk Musikforlag,4276,
,Oslofjord,"Schjørn, Christian",1911 - 1971,Christian Schjørn,1911 - 1971,,"Fra filmen ""Det ække til å tru"" - 1942",,,Musik-huset,345,
,Vær glad for det lille du har,"Schjørn, Christian
Mackenzie, Laurie","1911 - 1971
1902 - 1962",Arild Feldborg,1912 - 1987,1942,Ref. Bergens Tidende 25. mai 1943,,,,,
,Med musikk og humør,"Selmer, Arol",1913 - 1990,Gunnar Holm,,1943,,,,,,
,Santa Rosa,"Selmer, Arol",1913 - 1990,Gunnar Holm,,,,,,Norsk Musikforlag,6432,
,Lugn vilar sjön,"Shapiro, Ted",1899 - 1980,Karl-Gerhard,1891 - 1964,1930,,,,"Mørks Musikforlag, Kjøbenhavn",2012,
,Når syrenene blomstrer,"Shilkret, Nathaniel",1889  - 1982,"Birknes, Tønnes",1871 - 1956,1928,,,,Norsk Musikforlag,7233,
,Hele ugen alene,"Schuman, Earl
Schuman,Alden
Brown Marshall",,"Linz, Børge",,1953,,,,Musikkhuset,318,
,Mitt hjerte forblir her i Norge,"Siem, Kåre",1914 - 1986,Herbert Herding-Herberth,1904 - 1958,1940,,,,Musikkhuset,343,
,Det går en sang,"Siem, Kåre",1914 - 1986,Herbert Herding-Herberth,1904 - 1958,1941,,,,"Norsk Notesik & Forlag, Oslo.",,
,Det kommer en dag,"Siem, Kåre",1914 - 1986,?,,1943,,,,Carl M. Iversen,179,
,Wallys Fox,"Skaugen, Åse",,Carl Frode,,,,,3,,,
,De skogkledte fjell,"Skilbred, Henry",1905 - 1988,Henry Skilbred,1905 - 1988,1943,,,3,A/S Musikk's Forlag Haugesund,,
,Avskjedstoner,"Skilbred, Henry",1905 - 1988,Henry Skilbred,1905 - 1988,1934,Omtale,,,Eget forlag,,
,Sigøynerfiolinen,"Skilbred, Henry",1905 - 1988,Henry Skilbred,1905 - 1988,1943,,,,,,
,Vi vil eie dette landet,"Skilbred, Henry",1905 - 1988,Henry Skilbred,1905 - 1988,1945,,,,,,
,"Du, skal vi ikke blende månen","Solberg, Carl",,"Torleif Larssen (""Tola"")",1899 - 1967,,,,,,,
,Jeg har en liten jeep,"Solberg, Carl",,"Torleif Larssen (""Tola"")",1899 - 1967,1945,,,,,,
x,Carissima,"Spiazzi, Umberto",1886 - 1975,S. S. Wilson (Anita Halldén),1878 - 1970,1927,,,,,,
,Klockbojen,"Spiazzi, Umberto",1886 - 1975,Fritz Gustav,1895 - 1974,,ca 1942,,,,,
,Når det grønnes i li,"Steen, H.",,"Hansen, Juul",1913 - 1981,,,,,,,
,Stormklonken,"Steen, H.",,"Hansen, Juul",1913 - 1981,1928,,,,,,
,Tomtens Skurepulver-vals,Sten Bergkvist,,,,1941,Komponisten var fiskehandler i Bergen 1945,,,,,
,Strø noen roser!,Sten Ludvig Eugen Helin (Helan),,Karl-Ewert Christenson,1888 - 1965,1915,,,,"Elkan & Schildknecht, Emil Carelius, Stockholm",1067,
,Hør sommervindens sus,"Stenestø, Haakon",1898 - 1984,"Stenestø, Haakon",1898 - 1984,1941,,,,Harald Lyche,240,
,Sista resan,"Stjernquist, Gustav",,Arne Pärson,1906 - 1982,1941,,,,,,
,Bara du och jag,"Stoor, Yngve",1912 - 1985,Martin Nilsson,1890 - 1963,1946,,,2,,,
,Hawaii-Hälsning,"Stoor, Yngve",1912 - 1985,M. Torres (Helge Roundquist),1907 - 1983,,,,,,,
,Sjømannsjul på Hawaii,"Stoor, Yngve",1912 - 1985,"Hansen, Juul",1913 - 1981,1945,,,,,,
,Minnenes melodi,"Stordahl, Erling",1923 - 1994,Erling Stordahl,1923 - 1994,1952,,,,,,
,Vesle-Per,"Stordahl, Erling",1923 - 1994,Erling Stordahl,1923 - 1994,,,,,Edition Sylvain,25,
,Gudskjelovkvellen,"Sundquist, Ragnar",1892 - 1951,Bias Bernhoft,1902 - 1986,1930,,,,,,
,När lindarna blomma,Sune Sundberg,1904 - 1988,"Sandberg, Sven-Olof",1905 - 1974,1928,Komponist-pseudonym for Frederic Sandström,,,,,
,Drøm,Svein Berg Kveim,1906 -  1976,"Hansen, Juul",1913 - 1981,,Fra siste del av 1940 tallet,,,,,
x,Där näckrosen blommar,Sven du Rietz,1877 - 1952,"Sandberg, Sven-Olof",1905 - 1974,1928,,,2,Musikcentralen,168,
,Trondhjems-valsen,"Svendsen, Faste",1900 - 1980,"Svendsen, Faste",1900 - 1980,,,,,Norsk Musikforlag,7236,
,Tango des Etoiles,"Svendsen, Kolbjørn",1903 - 1967,Henry Armand ,,1927,,,,Norsk Musikforlag,7237,
,Drøm om Hawaii,"Svendsen, Kolbjørn",1903 - 1967,Kolbjørn Svendsen,1903 - 1967,Ca 1940,,,,Norsk Musikforlag,7241,
,Min hulapike,"Svendsen, Kolbjørn",1903 - 1967,Kolbjørn Svendsen,1903 - 1967,1941,,,,,,
,Dage blir år,"Svendsen, Kolbjørn",1903 - 1967,Kolbjørn Svendsen,1903 - 1967,,"Melodi ""Eg gjette Tulla""",,,,,
,Bryllupsgaverne,"Svendsen, Kolbjørn",1903 - 1967,Arne Svendsen,1884 - 1958,1929,,,,,,
,Dagligliv på Skaugum,"Svendsen, Kolbjørn",1903 - 1967,Arne Svendsen,1884 - 1958,1929,,,,,,
,De tusen sjøers land,"Svendsen, Kolbjørn",1903 - 1967,Kolbjørn Svendsen,1903 - 1967,1940,(Pål sine høner),,,,,
,En melodi til deg,"Svendsen, Kolbjørn",1903 - 1967,Kolbjørn Svendsen,1903 - 1967,,"Fra revyen ""Ikke mas - alle Faar""",,,,,
,Favoritindens sang,"Svendsen, Kolbjørn",1903 - 1967,"Kvist, Per",1890 - 1947,1925,,,,Norsk Musikforlag,7193,
,Festforestillingen,"Svendsen, Kolbjørn",1903 - 1967,Arne Svendsen,1884 - 1958,1929,,,,,,
,Fred på jord / Som den første jul,"Svendsen, Kolbjørn",1903 - 1967,"Svendsen, Kolbjørn",1903 - 1967,1940,,,,,,
,Har du sorg i ditt hjerte Rosalia,"Svendsen, Kolbjørn",1903 - 1967,Kolbjørn Svendsen,1903 - 1967,,,,,,,
,Jeg har alltid en venn i gitaren,"Svendsen, Kolbjørn",1903 - 1967,Kolbjørn Svendsen,1903 - 1967,1943,,,,,,
,Jeg lever kun for deg,"Svendsen, Kolbjørn",1903 - 1967,Arvid Arwall,,1944?,"Fra revyen ""Ikke mas - alle Faar""",,,Eget forlag,,
,Jordmorvise,"Svendsen, Kolbjørn",1903 - 1967,"Kvist, Per",1890 - 1947,1925,,,,Carl M. Iversen,156,
,La det sne,"Svendsen, Kolbjørn",1903 - 1967,Arne Svendsen,1884 - 1958,,MargarinCentralen,,3,,,
,Pikenes Jens,"Svendsen, Kolbjørn",1903 - 1967,"Svendsen, Kolbjørn",1903 - 1967,1942,,,,Norsk Musikforlag,6897,
,MC-valsen,"Svendsen, Kolbjørn",1903 - 1967,Arne Svendsen,1884 - 1958,,,,,Carl M. Iversen,,
x,Nå kommer våren igjen,"Svendsen, Kolbjørn",1903 - 1967,Kolbjørn Svendsen,1903 - 1967,1934,1 Premie i Rytmes Slagerkonkurase 1942,,2,Harald Henschiens,,
,Når skogen sover,"Svendsen, Kolbjørn",1903 - 1967,Kolbjørn Svendsen,1903 - 1967,,,,,,,
,Over blånende fjell,"Svendsen, Kolbjørn",1903 - 1967,Kolbjørn Svendsen,1903 - 1967,,På plate allerede 1940.,,,,,
,To må man være,"Svendsen, Kolbjørn",1903 - 1967,Kolbjørn Svendsen,1903 - 1967,,Reklame for Nidar sjokolade,,,,,
,Under måneskinnslampen,"Svendsen, Kolbjørn",1903 - 1967,Kolbjørn Svendsen,1903 - 1967,1942,,,,Carl M. Iversen,239,
,Nidar,"Svendsen, Morten",1877 - 1952,,,1919,,,,,,
,Bella-Donna,Sverre Mikkelsen,,Sverre Mikkelsen,,1947?,,,,,,
,Beate-Christine,"Sylvain, Jules",1900 - 1968,Dix Denni,,,,,,Norsk Musikforlag,6445,
,Bland Kobbar og Skär,"Sylvain, Jules",1900 - 1968,Jokern,,,,,,,,
,Dansen går,"Sylvain, Jules",1900 - 1968,Herbert Herding-Herberth,1904 - 1958,1928,,,,Ernst Rolf,1606,
,De' gör gumman me',"Sylvain, Jules",1900 - 1968,Herr Dardanell (Torg Bergström),,1927,,,,,,
,"Det är den stora, stora kärleken","Sylvain, Jules",1900 - 1968,Gösta Stevens,1897 - 1964,1938,,,,,,
,"Det är ingen idé i da', Ida","Sylvain, Jules (Einar Björke)",1900 - 1968,Gösta Stevens,1897 - 1964,1930,"Fra filmen ""Kronans kavaljerer""",,,Svenska Noter,17,
,En hvit chrysantheme,"Sylvain, Jules",1900 - 1968,Rolf Hiorth Schøyen,1887 - 1932,1929,,,,Edition Sylvain,477,
,En natt i hamn,"Sylvain, Jules",1900 - 1968,"Sandberg, Sven-Olof",1905 - 1974,1929,,,,Edition Sylvain,8,
,Ett  litet eget hem,"Sylvain, Jules",1900 - 1968,Sven Paddock,1909 - 1982,1935,"Fra filmen ""För hennes skull""",,2,,,
,Flyver-valsen,"Sylvain, Jules
Winter, Fred","1900 - 1968
1892 - 1945",Herbert Herding-Herberth,1904 - 1958,1927,,,,Edition Sylvain,23,
,Før hennes skull,"Sylvain, Jules",1900 - 1968,Gösta Stevens,1897 - 1964,1930,,,,,,
,Hembygdsminnen,"Sylvain, Jules (Sigurd Hannel)",1900 - 1968,"Sandberg, Sven-Olof",1905 - 1974,1928,"Fra S/F filmen ""Lärarinna på vift""",,,,,
,Höstserenad,"Sylvain, Jules",1900 - 1968,"Sandberg, Sven-Olof",1905 - 1974,1928,,,,Ernst Rolf,386,
,Jag är inne när gumman min är inne,"Sylvain, Jules",1900 - 1968,,,1926,,,,Edition Sylvain,66,
,Kärlekens ABC,"Sylvain, Jules",1900 - 1968,Åke Søderblom-( Sven Paddock),1910 - 1965,1941,"Fra filmen ""Med hundra dragspel och en flicka""",,,Edition Sylvain,2711,
,Med dej kom våren åter till mej,"Sylvain, Jules",1900 - 1968,"Sandberg, Sven-Olof",1905 - 1974,1928,"Fra filmen ""Anna Lans""",,,Edition Sylvain,2540,
,Med hundra dragspel och en flicka,"Sylvain, Jules",1900 - 1968,Fritz Gustav,1895 - 1974,1945,,,,Edition Sylvain,191,
,Min längtans melodi,"Sylvain, Jules",1900 - 1968,"Sandberg, Sven-Olof",1905 - 1974,1943,"Fra filmen ""Kära släkten""",,,Edition Sylvain,416,
,När en stjärna från himlen faller,"Sylvain, Jules",1900 - 1968,S. S. Wilson (Anita Halldén),1878 - 1970,1930,,,,Norsk Notestik og forlag,250,
,När tvenne hjärtan slå samma slag,"Sylvain, Jules",1900 - 1968,Gösta Stevens,1897 - 1964,1933,,,,Svenska Noter,83,
,Om du ångrar dig,"Sylvain, Jules",1900 - 1968,"Sandberg, Sven-Olof",1905 - 1974,1930,"Fra filmen: ""Räkna de lyckliga stundarna blott""",,,,,
,Rosamunda fra Kristiansunda,"Sylvain, Jules",1900 - 1968,Per Kvist,1890 - 1947,1930,,,,,,
Ingen tekst,Räkna de lyckliga stundarna blott,"Sylvain, Jules",1900 - 1968,Karl-Ewert Christenson,1888 - 1965,1936,Opus 70,,,Carl M. Iversen,101,
,Säg det i toner,"Sylvain, Jules",1900 - 1968,Karl-Ewert Christenson,1888 - 1965,1929,"Fra Chat Noir-revyen ""Pus ta'n""",,,Carl M. Iversen,176,
,Si det i toner,"Sylvain, Jules",1900 - 1968,Rolf Hiorth Schøyen,1887 - 1932,1939,,,,Ernst Rolf,378,
,"Sol ute, sol inne","Sylvain, Jules",1900 - 1968,Herbert Herding-Herberth,1904 - 1958,1942,,,,Norsk Musikforlag,6193,
,Spåvalsen,"Sylvain, Jules",1900 - 1968,Nils Gustaf Granath,1896 - 1937,1925,"Fra filmen ""För hennes skull""",,,,,
x,Vintergatan,"Sylvain, Jules",1900 - 1968,"Sandberg, Sven-Olof",1905 - 1974,1927,,,2,,,
,"Åh, Isabell","Sylvain, Jules",1900 - 1968,Karl-Ewert Christenson,1888 - 1965,1930,,,,Edition Hermani,172,
,En böljesång i Solnedgång,"Sylvain, Jules
Granath, Nils-Gustaf
Landin, Nils","1900 - 1968
1896 - 1937
",,,1929,,,,,,
,Østenfor sol og vestenfor måne,"Syversen, Rolf",1920 - 1987,"Hansen, Juul",1913 - 1981,,,,,,,
,Alle tiders sommer,"Syversen, Rolf",1920 - 1987,Egil Aaeng,1915 - 1996,1945,,,,,,
,Bryggevalsen,"Syversen, Rolf",1920 - 1987,"Hansen, Juul",1913 - 1981,,,,,,,
,Du var min første kjærlighet,"Syversen, Rolf",1920 - 1987,"Hansen, Juul",1913 - 1981,ca 1942,,,,,,
,Ekko fra Romsdalshorn,"Syversen, Rolf",1920 - 1987,Jens Book Jenssen,1910 - 1999,1942,,,,,,
,En dag  vil solen skinne,"Syversen, Rolf",1920 - 1987,"Hansen, Juul",1913 - 1981,1945,,,,,,
,For deg,"Syversen, Rolf",1920 - 1987,"Hansen, Juul",1913 - 1981,1944,,,2,,,
,Gi meg et hjem,"Syversen, Rolf",1920 - 1987,"Hansen, Juul",1913 - 1981,1946,"Fra filmen ""Englandsfarere""",,,Musikk-huset,279,
,"Jeg er fra Romsdalen, Norges Tyrol","Syversen, Rolf",1920 - 1987,Jens Book Jenssen,1910 - 1999,1942,,,,Harald Lyche Drammen,,
,Får jag lämna några blommor,"Söderlundh, Lille-Bror",1912 - 1957,"Ferlin, Nils",1898 - 1961,1942,,,,"Nordisk Musikförlaget, Stockholm",2246,
,Det rider en rytter,"Sønstevold, Gunnar",1912 - 1991,Sigurd Evensmo,1912 - 1978,1946,Fra Toya-filmen,,,,,
,Ved skilleveien,"Sønstevold, Gunnar",1912 - 1991,Arne Paasche Aasen,1901 - 1978,1946,,,,,,
,Eventyrvisa,"Sønstevold, Maj",1917 - 1996,Odd Berset & Bergliot T. Farup,,1956,"Fra filmen ""Windjammer""",,,,,
,Forglemmegei,"Tangen, Asbjørn",1912 - 1993,Ernst Orvil,1898 - 1985,,,,,Eget forlag,,
,Kari waits for me,"Terry Gilkyson 
Richard Dehr
Frank Miller","1916 - 1999
1913 - 1989
1918 - 2015",,,1957,,,,,,
,Alene,"Teilman, Kåre",1907 - 1984?,"Sørlie, Rolf",,1833,,,,Abraham Lundquist,4251,
,Hvide syrener,Theo Möhrens,,Eddy Ernst,,1956,,,,,,
,Bondvals,Theodor Pinet,1875 - 1968,"Svenning, Göran",1870 - 1953,1909,1946,,,,,
x?,En prästkrage i min hand,"Thiel, Olof",1892 - 1978,Gösta Rybrant,1904 - 1967,1946,Arr. Ole Olsen (1923),,,,,
,Hennes melodi,"Thoen, Aage",1903 - 1993,,,,,,,,,
,Fra Skriverens Julebal,Thomas Henrik Møinichen,1758 - 1845,,,,,,,,,
,Mumblin Mose ,Thomas W. Thurban,1874 - 1967,,,1902,,,,,,
,Bare dig!,"Thommessen, Reidar",1889 - 1986,,,1910,,,,Norsk Musikforlag,4474,
,Be mine,"Thommessen, Reidar",1889 - 1986,,,1912,,,,Hjemmenes Notecentral,8865,
,Blomsteridyl,"Thommessen, Reidar",1889 - 1986,,,1920,,,,Kjell Koren & Co,13,
,Blue Hill,"Thommessen, Reidar",1889 - 1986,,,1924,Opus 38,,,Norsk Musikforlag,5044,
,De kyss du som roser drysset,"Thommessen, Reidar",1889 - 1986,Magnus Brostrup Landstad,1876 - 1956,1922,,,,Norsk Musikforlag,6910,
,Du,"Thommessen, Reidar",1889 - 1986,F. K. (Frithjof Knudsen),,1934,,,,Norsk Musikforlag,4806,
,Dyveke-vals,"Thommessen, Reidar",1889 - 1986,"Thommessen, Reidar",1889 - 1986,1918,,,,Haakon Zapffe,1215,
,Et drömmeslot,"Thommessen, Reidar",1889 - 1986,Jacob Anker-Paulsen,1890 - 1959,1913,,,,Norsk Musikforlag,6942,
,Elsk mig du!,"Thommessen, Reidar",1889 - 1986,Alf Rød,1894 - 1969,1936,Opus 81,,,Norsk Musikforlag,7612,
,Fantasi,"Thommessen, Reidar",1889 - 1986,Sverre Ørn,1896 - 1962,1947,"Fra filmen ""Fantegutten"".",,,Norsk Musikforlag,6878,
,Fanteguttens lengsel,"Thommessen, Reidar",1889 - 1986,Alf Rød,1894 - 1969,1932,,,,Norsk Musikforlag,6942,
,Farvel sommer,"Thommessen, Reidar",1889 - 1986,Jens Book Jenssen,1910 - 1999,1936,,,,Norsk Musikforlag,4699,
,Flirt,"Thommessen, Reidar",1889 - 1986,,,1916,Kjell Koren & Co A/S Musikforlag. 1920,,,Kjell Koren & Co,21,
,"Først alle, saa en","Thommessen, Reidar",1889 - 1986,Magnus Brostrup Landstad,1876 - 1956,1916,,,,Norsk Musikforlag,4807,
,"Hal topseil, min pige.","Thommessen, Reidar",1889 - 1986,Magnus Brostrup Landstad,1876 - 1956,1918,Opus 48,,,Ernst Rolf,369,
,Husker du vor sidste kveld?,"Thommessen, Reidar",1889 - 1986,Claus Frimann Clasen (Lyktemannen),1894 - 1970,1925,Opus 80,,,Norsk Musikforlag,7619,
,Hvorfor nettopp du?,"Thommessen, Reidar",1889 - 1986,Arne Paasche Aasen,1901 - 1978,1946,,,,Kjell Koren & Co,5,
,Høststemning,"Thommessen, Reidar",1889 - 1986,"Knudsen, Frithjof",,1920,Opus 30,,,Kjell Koren & Co,6,
,I mine drømme,"Thommessen, Reidar",1889 - 1986,"Knudsen, Frithjof",,1920,Opus 77,,,Norsk Musikforlag,7436,
,Kjærlighetens evangelium,"Thommessen, Reidar",1889 - 1986,"Clasen, Claus Frimann",1894 - 1970,1944,Opus 20,,,Norsk Musikforlag,4762,
,La Danseuse,"Thommessen, Reidar",1889 - 1986,,,1917,Opus 1?,,,Norsk Musikforlag,2923,
,Le rêve d'amour,"Thommessen, Reidar",1889 - 1986,,,1909,Opus 60,,,Skandinavisk Schlagerforlag,107,
,"Lille frøken, mitt sværmeri","Thommessen, Reidar",1889 - 1986,Rolf Hiorth-Schøyen,1887 - 1932,1930,"Opus 16, nr. 2",,,Musikcentralens forlag,123,
,Lillebarnet,"Thommessen, Reidar",1889 - 1986,"Knudsen, Frithjof",,1925,,,,Haakon Zapffe,1216,
,Lyn,"Thommessen, Reidar",1889 - 1986,Jacob Anker-Paulsen,1890 - 1959,1913,,,,Haakon Zapffe,1098,
,Min Mor,"Thommessen, Reidar",1889 - 1986,Jermias Hobber,1876 - 1938,1912,Opus 57,,,Norsk Musikforlag,6362,
,Morild,"Thommessen, Reidar",1889 - 1986,Rolf Hiorth-Schøyen,1887 - 1932,1928,Opus 50,,,Musikcentralens forlag,118,
,Nuits d'Espagne,"Thommessen, Reidar",1889 - 1986,Rudolf Mjølstad,1891 - 1967,1926,Opus 36,,,Kjell Koren,39,
,Naar Roserne dør,"Thommessen, Reidar",1889 - 1986,Sverre Øhrn,1896 - 1962,1922,,,,Norsk Musikforlag,4767,
,Naar stjernerne blinker,"Thommessen, Reidar",1889 - 1986,,,1917,Opus 68,,,Norsk Notestik og Forlag,1841,
,Når rosene blomstrer igjen,"Thommessen, Reidar",1889 - 1986,"Hagen, Egil",1912 - 2004,1937,Opus 35,,,Kjell Koren,32,
,Paa Karl Johan,"Thommessen, Reidar",1889 - 1986,"Mjølstad, Rudolf",1891 - 1967,1921,Opus 4,,,Norsk Musikforlag,4290,
,Primulaveris,"Thommessen, Reidar",1889 - 1986,,,1911,Omtale,,3,Norsk Musikforlag,6130,
,Ring Julen ind,"Thommessen, Reidar",1889 - 1986,Rudolf Mjølstad,1891 - 1967,1927,Opus 54,,,Norsk Musikforlag,5476,
,Sangen til Dig,"Thommessen, Reidar",1889 - 1986,,,1932,Opus 70,,,Norsk Musikforlag,6922,
,Si mig det jeg helst vil høre,"Thommessen, Reidar",1889 - 1986,Arne Paasche Aasen,1901 - 1978,1939,Opus 39,,,Norsk Musikforlag,5103,
,Sol over seil,"Thommessen, Reidar",1889 - 1986,Magnus Brostrup Landstad,1876 - 1956,1922-23,Opus 23,,,Norsk Musikforlag,4821,
,"Sov nu, du lille","Thommessen, Reidar",1889 - 1986,Magnus Brostrup Landstad,1876 - 1956,1919,,,,Haakon Zapffe,999,
,The lucky Moon,"Thommessen, Reidar",1889 - 1986,,,1910,,,,Norsk Musikforlag,7264,
,Valse Bohème,"Thommessen, Reidar",1889 - 1986,Arne Paasche Aasen,1901 - 1978,2-1943,,,,Norsk Musikforlag,6921,
,Valse Romantique,"Thommessen, Reidar",1889 - 1986,Magnus Brostrup Landstad,1876 - 1956,1935,,,,Ernst Rolf,288,
C,Varje liten tanke,"Thommessen, Reidar",1889 - 1986,S. S. Wilson (Anita Halldén),1878 - 1970,,,,,Norsk Musikforlag,4536?,
,Ved Løvfald,"Thommessen, Reidar",1889 - 1986,,,1914,Opus 59,,,Norsk Musikforlag,6552,
,Vuggesang for Laila,"Thommessen, Reidar",1889 - 1986,"Hiorth Schøyen, Rolf",1887 - 1932,1929,,,,Norsk Musikforlag,6282,
,Vårstemning,"Thommessen, Reidar",1889 - 1986,"Eugén, Henry",1885 - 1972,1928,,,,Harald Lyche,,
,Bamses fødselsdag,Thorbjørn Egner,1912 - 1990,Thorbjørn Egner,1912 - 1990,1953,,,,Eget forlag Grue,,
,Finnskogen vår,"Thorp, Oskar",1906 - 1983,"Thorp, Oskar",1906 - 1983,1951,,,,,,
,Elisa-vals,"Thue, Ingolf (Jonas)",1909 - 1996,Harry Andre Harzon,1912 - 2000,1933,,,,,,
,Anders og Britta,"Thörnqvist, Owe",1929 -,"Prøysen, Alf",1914 - 1970,1956,,,,,,
,En droppe zigenareblod,"Tigerström, Gunnar",1914 - 1958,"Tigerström, Gunnar",1914 - 1958,1946,,,,,,
,Alt som er skjønt og fint er,"Tognarelly, Umberto",1893 - 1934,Mogens Dam,1897 - 1979,1933,,,,Carl M. Iversen,154,
,"For deg, for meg, for oss","Tollefsen, Toralf",1914 - 1994,"Hansen, Juul",1913 - 1981,1942,,,,,,
,Sonja Marie,"Tollefsen, Toralf",1914 - 1994,Hermann Hermani,1898 - 1960,,,,,,,
x,Bestefar's vals,Tom Andy,,Arne Svendsen,1884 - 1958,1932,(Fra Fitjar),,,,,
,Ger du 17 i mej så ger jag 17 i dej,"Torbern Cassel (1900 - 1942)
Fred Winter (Sten Njurling 1892 - 1945)",,"Sandberg, Sven-Olof",1905 - 1974,1922,Amerikansk opphav?,,,Musikk-Centralen Oslo,52,
,Stjernenattens melodi,Torbjørn Moe,1920 - 2004,Torbjørn Moe?,,,Filmen: Trysil-Knut,,,,,
,En sjöman älskar havets våg,Trad,,Gustaf Arthur Ossian Limborg,1849 - 1908,<1875,,,,,,
,Skivise,Trad,,Alfred Maurstad,1896 - 1967,1941,La Mer,,,,,
,Bohus-Rillen,Trad?,,Göran Svenning,1870 - 1953,191?,,,,Norsk Musikforlag,7232,
,La mer,"Trenet, Charles",1903 - 2001,"Trenet, Charles",1903 - 2001,1945,,,,Musikk-huset,340,
,Roser og raketter,Trygve Torjussen,1885 - 1977,,,1940,Alias: H. Conn ,,2,,,
,Sjutton år,"Turesson, Gunnar",1906 - 2001,Josef Oliv,1895 - 1974,1948?,,,,,,
,Aldri mer,"Tveten, Haakon",1910 - 2004,"Hansen, Juul",1913 - 1981,,,,2,,,
,Vår i Lofoten,"Tveten, Haakon",1910 - 2004,Jens Book Jenssen,1910 - 1999,1940,,,,Carl M. Iversen,224,
x,"Mor, kjære mor","Tveten, Haakon (H. Conn)",1910 - 2004,"Hansen, Juul",1913 - 1981,1941,Alias: H. Conn ,,,Eget forlag,,
,Nu skinner solen igjen på vår lille jord,"Ulrik, Sven",1911 - 1980,"Hjort, Oluf",,1946?,Omtale,,,,,
,Brylupsmars,"Utgård, Ole B.",1905 - 1992,,,1933,,,,,,
,My heart is a Hobo,"van Heusen, James",1913 - 1990,"Burke, Johnny",1908 - 1964,1947,,Note gitt til Block-Nakkerud,,,,
,Don Juan Akaba,Viddy,,"Engelhardt-Sørlie, Rolf",,1931,Reklame for M. Glott tobakk,Note gitt til Block-Nakkerud,,Eget forlag,,
,Kronprinsesse Märthas vuggevise,"Vieth, Willie",1905 - 1968,"Carlmar, Otto",1902 - 1987,1930,,,,Norsk Musikforlag,7200,
,Nattens toner,"Vieth, Willie",1905 - 1968,"Laland, Harald",1901 - 1963,1937,"Fra filmen ""Bra Mennesker""",,,,,
,Bluberry Hill,Vincent Rose,1880 - 1944,"Larry Stock, Al Lewis",,1940,,,,,,
x,Emigrantvalsen,W. Berner (Helge Lindberg),1898 - 1973,Steinar Jørundstad,1903 - 1946,1929,Emigrantvalsen,,,,,
,I skumringens sund,"Waarum, C. T.  (Jean Carl Thor Waarum)",1912 - 1979,"Waarum, C. T.  (Jean Carl Thor Waarum)",1912 - 1979,,Trykkerieier Oslo. (Jean Carl Thor Waarum),,,,,
,Hutte-Tu!,"Waarum, Jean (Carl Thor Waarum)",1912 - 1979,"Waarum, Jean (Carl Thor Waarum)",1912 - 1979,,Trykkerieier Oslo. (Jean Carl Thor Waarum),,,,,
,Lengsel,"Waarum, Jean (Carl Thor Waarum)",1912 - 1979,"Waarum, Jean (Carl Thor Waarum)",1912 - 1979,1944,Trykkerieier Oslo. (Jean Carl Thor Waarum),,,Eget forlag,,
,Bonn-jazz,"Wahlberg, Gaston René ",1875 - 1956,"Theodor Larsson (""Skånska Lasse"")",1880 - 1937,1922,"""Johan på Snippen""",,,,,
,Dansen på Måkeskjær,"Wahlberg, Gideon",1890 - 1948,"Almquist, Eystein",1903 - 1971,1928,(Original tekst: Gideon Wahlberg),,,Kåre Korneliussen,67,
,Medan valsen går,"Ward, Charles B.",1865 - 1917,Jerico (John Eric Olausson),1890 - 1974,1942,"1895: ""The band played on""",,,,,
,Eikerjenta og Eikerpolka,"Warlo, Eivind",1913 - 1972,,,,Arr: Kåre Korneliussen,,,,,
,Zing a Little Zong,"Warren, Harry",1893- 1981,Leo Robin,1893 - 1981,,Fra en Sonja Henie-film,,,Ernst Rolf,1796,
,Är det för att jag är kär?,"Warren, Harry",1893- 1981,Roni,,1941,,,,Ernst Rolf,,
x,Klockan 12-valsen,"Wehle, Karl",1901 - 1933,Fritz Gustav,1895 - 1974,1929,,,,Oluf By,I kommisjon,
,Prins Nordanvind,"Wehle, Karl",1901 - 1933,S. S. Wilson (Anita Halldén),1878 - 1970,1929,,,,Eget forlag,,
,Det visner,"Weigner, Ludwig Moe",1905 - 1986,,,1930?,,,,,,
,Kronprinsesse Märthas vuggevise,"Wennevold, Gudrun (Engelsen) ",1882 - 1952,Gudrun (Engelsen) Wennevold,1882 - 1952,1930,Arr. A. Stensvold,,,Norsk Musikforlag,7293,
,Tango d'Amour,"Wennevold, Gudrun (Engelsen) ",1882 - 1952,Gudrun (Engelsen) Wennevold,1882 - 1952,1927,,,,Norsk Musikforlag,7609,
,Bare et ord,"Westby, Karl",1915 - 2002,Javan Røed,1913 - 2001,1944,,,,,,
,"Musikus, hvor er du?","Westby, Karl",1915 - 2002,"Westby, Karl",1915 - 2002,1945,1 pr. Jazzkonkurranse 1927,,,,,
,Choc'late Kiddie,"Westbye, Sigurd O.",1881 - 1972,Sigurd O. Westbye,1881 - 1972,1928,,,2,Oluf By,,
,Flora,"Westbye, Sigurd O.",1881 - 1972,Carl Kaas,,1927,Tilegnet H. K. H. Kronprins Olav.,,,Norsk Notestik og Forlag,178,
,Marinegasten,"Westbye, Sigurd O.",1881 - 1972,Sigurd O. Westbye,1881 - 1972,1925?,,,,Emil Carelius,390,
,Olympia-inntog ,"Westbye, Sigurd O.",1881 - 1972,,,1928,,,,Thore Bækken Trondheim,,
,Tango Valentino,"Westling, Ejnar",1896 - 1961,,,1923,,,,Norsk Musikforlag,6292,
,Souvenir Deux,"Wiborg, Rolf",1891 - 1972,,,1929,,,,Norsk Musikforlag,7286,
,Matadoren,"Widding, Arnold",1909 - 1977,,,1948,,,,Norsk Notestik og Forlag,1809,
,Minnes du?,"Wiik, Aage B.",,Anne Mathisen,,1943,,,,Bartnes forlag,12,
,Min lille Mary-Ann,Wilhelm Grosz,1894 - 1939,"Rosenlind, Olaf",1908 - 1990,1936,,,,Norsk Musikforlag,6919,
,Hansen i går'n,Will Willys (Willy Olsen),,S. Valde,,1936,,,4,,,
,Når bølgene sakte slår,Will Willys (Willy Olsen),,"Rosenlind, Olaf",1908 - 1990,1935,,,,,,
,"""Swing"" kun i din ungdoms vår",Will Willys (Willy Olsen),,S. Valde,,1942,,,,Abraham Lundquist,3418/3481,
,Bare litt med det,"Williams, Jack",,Arne Svendsen,1884 - 1958,,,,,,,
,Fryksdals-polska,"Willners, Ernst",1869 - 1947,,,1901,,,,Oslo Musikforlag,,
,En skjærgårdsvals,"Willoch, Einar (Lon Gog)",1895 - 1957,Carl Kaas,,1927,,,,Norsk Musikforlag,,
x,Orchidée,"Willoch, Einar (Lon Gog)",1895 - 1957,Lon Gog (Einar Willoch),1895 - 1957,1928,,,,Svenska Noter A/S,80,
,Å elske en sjömand,"Willoch, Einar (Lon Gog)",1895 - 1957,Lon Gog (Einar Willoch),1895 - 1957,1928,,,,Svenska Noter A/S,4,
,Då reser jag med Klara till Sahara,"Wilson, Tom (Sven-Olof Sandberg)",1905 - 1974,Nils-Georg (Georg Eliasson),1905 - 1973,1929,,,,,,
,En vårdrill,"Wilson, Tom (Sven-Olof Sandberg)",1905 - 1974,"Sandberg, Sven-Olof",1905 - 1974,1930,,,,Carl M. Iversen,193,
,Mandalay,"Winkel, Erling",1911 - 1969,Rudyard Kipling,1865 - 1936,1936,,,,Musikk-huset,447,
,Gi meg din hånd,"Winkler, Gerhard",1906 - 1977,"Hansen, Juul",1913 - 1981,,,,,Musikkhuset A/S,1547,
,Bella Bella Marie,"Winkler, Gerhard",1906 - 1977,"Hansen, Juul",1913 - 1981,1947,"Fra filmen ""Sten Stensson Steen""",,,Musikk-huset,333,
,O mia bella Napoli,"Winkler, Gerhard",1906 - 1977,Arne Bendiksen,1926 - 2009,1936,,,,,,
,Skal du älska mej i December,"Winter, Fred",1892 - 1945,Gösta Stevens,1897 - 1964,1942,,,,,,
,Dalarö-shimmyn,"Winter, Fred",1892 - 1945,Anders Eje (Axel Essén),1880 - 1951,1922,,,,,,
,"Deilig, deilig, deilig","Winter, Fred",1892 - 1945,"Carlmar, Otto",1902 - 1987,1930,"Fra filmen ""Lyckans gullgossar""",,,,,
,Det blommade två rosor,"Winter, Fred",1892 - 1945,Fritz Gustaf (Sunderlöf),1895 - 1974,1932,,,,,,
x,Nittonhundrakallt,"Winter, Fred",1892 - 1945,Anders Eje (Axel Essén),1880 - 1951,,,,,,,
,Varje steg är ett steg mot himlen,"Winter, Fred",1892 - 1945,Fritz Gustav,1895 - 1974,1932,,,,,,
,Around the World,"Young, Victor",,"Adamson, Harold",,1956,,,,Norsk Musikforlag,7383,
x,Tømmer-Jon,"Young, Victor",1899 - 1956,Arne Bendiksen,1926 - 2009,1955,,,,"Alfred Thorsing, Kjøbenhavn",97,
,La Paloma,"Yradier, S. De",1809 - 1865,,,ca 1860,,,,,,
,Der er maaske en lille Pige,"Yrneh, Alexander (Henry Carlsen)",1899 - 1955,"Carlsen, Henry",1899 - 1955,1926,,,,Berta Önnerberg,1,
,Jag skänker Er violer,"Yrneh, Alexander (Henry Carlsen)",1899 - 1955,"Sandberg, Sven-Olof",1905 - 1974,1929,,,,,,
,Brustna strängar,"Önnerberg, Berta",1886 - 1980,"Önnerberg, Berta",1886 - 1980,1925,Op. 4,,,,,
,De vackraste ögon i världen,"Önnerberg, Berta",1886 - 1980,"Westling, Ejnar",1896 - 1961,1930,,,,Edition Sylvain,183,
,Höstrosor,"Önnerberg, Berta",1886 - 1980,,,1918,,,,,,
,Augustinatt,"Önnerberg, Berta",1886 - 1980,,,,,,,,,
,I måneskin - og ved kamin,"Østhaug, Per",1912 - 1971,Jo-Jo,,1934,,,,Ernst Rolfs Musikförlag,186,
x,En bondvals til,"Åhlén, A. V.",,"Åkerblom, Ragnar",1877 - 1932,,Fremført allerede 1942,,,,,
x,En höstlåt,"Åkerblom, Oscar",,"Åkerblom, Ragnar",1877 - 1932,1920,"Fra revyen ""Å du slette tid""",,,Skandinavisk Schlagerforlag A/S,103,
,Et minne om deg,"Åse, Henning",1917 - 1985,"Åse, Henning",1917 - 1985,1944,,,,,,
,Underslag,Ukjent,,"Bø, Finn",1893 - 1962,1930,,,,"R. Westlings Musikförlag, Stockholm",,
,,,,,,,,,,,,
,Singel og sand,,,,,1939,,,,,,
,Woody Woodpecker,,,,,1954,,,,,,
